layer,type,shape,params,recommended_mode,w_bits,a_bits,mse,mae,max_abs,cos,baseline_ms,layer_ms,peak_mem_MB
up_blocks.2.attentions.0.transformer_blocks.0.attn2.to_q,Linear,"(640, 640)",409600,W4A8,4,8,1.6657e-06,0.00033793310000000004,0.0271066129,0.99999899375,2910.9725,3162.615,
up_blocks.0.resnets.0.time_emb_proj,Linear,"(1280, 1280)",1639680,W4A8,4,8,8.246775e-06,0.001557599175,0.033045856275,0.99999557455,2910.9725,2756.3625,
down_blocks.0.attentions.0.transformer_blocks.0.attn2.to_v,Linear,"(320, 768)",245760,W4A8,4,8,0.004419429525,0.040434041525,0.542837008825,0.9976874436250001,2910.9725,2696.5225,
down_blocks.1.attentions.1.proj_out,Conv2d,"(640, 640, 1, 1)",410240,W4A8,4,8,0.0186889926,0.06249496525,1.18922415375,0.9902635773999999,2910.9725,2732.9875,
up_blocks.0.resnets.2.time_emb_proj,Linear,"(1280, 1280)",1639680,W8A8,8,8,3.4824999999999996e-08,0.000117188775,0.002339959125,0.9999999797,2910.9725,3362.105,
up_blocks.3.resnets.0.time_emb_proj,Linear,"(320, 1280)",409920,W8A8,8,8,1.2379999999999998e-07,0.000274471275,0.0026903674,0.9999999189,2910.9725,2784.645,
up_blocks.2.attentions.0.transformer_blocks.0.attn2.to_k,Linear,"(640, 768)",491520,W8A8,8,8,1.515e-07,0.00012664777500000002,0.009717891900000001,0.9999999141,2910.9725,3166.0775000000003,
mid_block.attentions.0.transformer_blocks.0.attn1.to_k,Linear,"(1280, 1280)",1638400,W8A8,8,8,1.78975e-07,0.000218516575,0.0071391724,0.9999999047,2910.9725,2847.585,
up_blocks.2.resnets.0.time_emb_proj,Linear,"(640, 1280)",819840,W8A8,8,8,1.83075e-07,0.0002865387,0.00627268105,0.999999891525,2910.9725,2734.77,
up_blocks.2.attentions.1.transformer_blocks.0.attn2.to_q,Linear,"(640, 640)",409600,W8A8,8,8,2.5622500000000003e-07,0.00024904475,0.007352638975,0.99999986035,2910.9725,2713.8725,
mid_block.resnets.1.time_emb_proj,Linear,"(1280, 1280)",1639680,W8A8,8,8,2.81275e-07,0.0002440309,0.00649858265,0.999999851875,2910.9725,2806.795,
up_blocks.3.attentions.2.transformer_blocks.0.attn1.to_k,Linear,"(320, 320)",102400,W8A8,8,8,2.98375e-07,0.000369614125,0.012395203125,0.999999831025,2910.9725,2815.1675,
up_blocks.3.attentions.2.transformer_blocks.0.attn1.to_q,Linear,"(320, 320)",102400,W8A8,8,8,3.0045e-07,0.000422983575,0.0077547580000000005,0.999999817725,2910.9725,2812.1975,
up_blocks.3.resnets.1.time_emb_proj,Linear,"(320, 1280)",409920,W8A8,8,8,3.192e-07,0.0004458704,0.004862964175,0.9999998075250001,2910.9725,2803.56,
up_blocks.2.attentions.2.transformer_blocks.0.attn2.to_q,Linear,"(640, 640)",409600,W8A8,8,8,3.237e-07,0.00036294215,0.00540842115,0.9999998136,2910.9725,2731.305,
up_blocks.0.resnets.1.time_emb_proj,Linear,"(1280, 1280)",1639680,W8A8,8,8,3.254e-07,0.000280101475,0.00617775415,0.999999827125,2910.9725,2766.25,
down_blocks.3.resnets.1.time_emb_proj,Linear,"(1280, 1280)",1639680,W8A8,8,8,3.297e-07,0.00025637595000000004,0.005864527075000001,0.999999821725,2910.9725,2762.9075000000003,
up_blocks.1.resnets.0.time_emb_proj,Linear,"(1280, 1280)",1639680,W8A8,8,8,3.29775e-07,0.0004043846,0.00574321115,0.99999980245,2910.9725,3512.745,
mid_block.resnets.0.time_emb_proj,Linear,"(1280, 1280)",1639680,W8A8,8,8,3.897e-07,0.00031665957500000004,0.0078853704,0.999999797125,2910.9725,2787.9975,
up_blocks.3.attentions.0.transformer_blocks.0.attn2.to_k,Linear,"(320, 768)",245760,W8A8,8,8,3.9622499999999996e-07,0.000471260875,0.004333477475,0.999999758175,2910.9725,2755.015,
up_blocks.1.attentions.2.transformer_blocks.0.attn2.to_q,Linear,"(1280, 1280)",1638400,W8A8,8,8,4.10525e-07,0.000383802525,0.009221127249999999,0.9999997467,2910.9725,3495.3025,
up_blocks.1.resnets.1.time_emb_proj,Linear,"(1280, 1280)",1639680,W8A8,8,8,4.637e-07,0.000445548775,0.00899682845,0.9999997342,2910.9725,3477.4449999999997,
up_blocks.1.resnets.2.time_emb_proj,Linear,"(1280, 1280)",1639680,W8A8,8,8,4.96575e-07,0.000472463175,0.0084712,0.9999997174249999,2910.9725,3430.0125,
up_blocks.2.resnets.1.time_emb_proj,Linear,"(640, 1280)",819840,W8A8,8,8,5.559e-07,0.000538364975,0.007513031375,0.999999633675,2910.9725,2738.6275,
mid_block.attentions.0.transformer_blocks.0.attn1.to_q,Linear,"(1280, 1280)",1638400,W8A8,8,8,6.348499999999999e-07,0.00038084877500000003,0.006432373050000001,0.9999996703,2910.9725,2808.6125,
up_blocks.2.attentions.1.transformer_blocks.0.attn1.to_q,Linear,"(640, 640)",409600,W8A8,8,8,7.18475e-07,0.000523684725,0.012384437,0.999999568575,2910.9725,2705.5775,
down_blocks.2.attentions.0.transformer_blocks.0.attn1.to_k,Linear,"(1280, 1280)",1638400,W8A8,8,8,7.57825e-07,0.00046731945,0.00953206795,0.999999595,2910.9725,2745.89,
up_blocks.1.attentions.0.transformer_blocks.0.attn2.to_q,Linear,"(1280, 1280)",1638400,W8A8,8,8,8.2695e-07,0.000553254625,0.01201936045,0.999999537775,2910.9725,3476.3824999999997,
up_blocks.3.attentions.1.transformer_blocks.0.attn2.to_k,Linear,"(320, 768)",245760,W8A8,8,8,8.438000000000001e-07,0.0006704573250000001,0.0115830898,0.9999994458,2910.9725,2783.41,
down_blocks.1.attentions.1.transformer_blocks.0.attn2.to_q,Linear,"(640, 640)",409600,W8A8,8,8,8.487e-07,0.000581775975,0.011249497525,0.9999994955,2910.9725,2752.1575000000003,
up_blocks.3.attentions.0.transformer_blocks.0.attn2.to_q,Linear,"(320, 320)",102400,W8A8,8,8,9.132750000000001e-07,0.000682464475,0.0093587823,0.9999994061249999,2910.9725,2777.9375,
up_blocks.1.attentions.2.transformer_blocks.0.attn1.to_q,Linear,"(1280, 1280)",1638400,W8A8,8,8,9.5585e-07,0.000614433575,0.013976827249999999,0.9999994696,2910.9725,3511.465,
up_blocks.1.attentions.2.transformer_blocks.0.attn1.to_k,Linear,"(1280, 1280)",1638400,W8A8,8,8,1.0237e-06,0.00061504395,0.015591532,0.999999434275,2910.9725,3497.255,
up_blocks.3.attentions.1.transformer_blocks.0.attn1.to_q,Linear,"(320, 320)",102400,W8A8,8,8,1.04565e-06,0.000777868825,0.011088076975,0.99999935545,2910.9725,2765.4375,
up_blocks.3.attentions.1.transformer_blocks.0.attn1.to_k,Linear,"(320, 320)",102400,W8A8,8,8,1.049075e-06,0.000766839275,0.00975308565,0.9999993056,2910.9725,2788.7125,
down_blocks.0.attentions.1.transformer_blocks.0.attn1.to_k,Linear,"(320, 320)",102400,W8A8,8,8,1.0743e-06,0.000642745375,0.01317204535,0.9999992869,2910.9725,2736.955,
up_blocks.2.attentions.1.transformer_blocks.0.attn1.to_k,Linear,"(640, 640)",409600,W8A8,8,8,1.10605e-06,0.000675115425,0.0143935685,0.999999298925,2910.9725,2714.4125,
down_blocks.1.attentions.0.transformer_blocks.0.attn1.to_k,Linear,"(640, 640)",409600,W8A8,8,8,1.11255e-06,0.0005982535249999999,0.01377060075,0.999999391025,2910.9725,2752.1075,
down_blocks.1.attentions.1.transformer_blocks.0.attn1.to_q,Linear,"(640, 640)",409600,W8A8,8,8,1.187625e-06,0.00055408065,0.012475201875000001,0.99999937085,2910.9725,2728.365,
up_blocks.1.attentions.1.transformer_blocks.0.attn1.to_q,Linear,"(1280, 1280)",1638400,W8A8,8,8,1.1968e-06,0.00059130955,0.01363212615,0.999999324175,2910.9725,2686.95,
up_blocks.2.attentions.0.transformer_blocks.0.attn1.to_k,Linear,"(640, 640)",409600,W8A8,8,8,1.26425e-06,0.0006793373749999999,0.01467794365,0.99999924355,2910.9725,2685.5975,
up_blocks.2.attentions.0.transformer_blocks.0.attn1.to_q,Linear,"(640, 640)",409600,W8A8,8,8,1.279575e-06,0.000652958,0.018110588175,0.9999992155999999,2910.9725,2663.7650000000003,
up_blocks.2.attentions.2.transformer_blocks.0.attn1.to_q,Linear,"(640, 640)",409600,W8A8,8,8,1.3109e-06,0.000777107675,0.015626386275,0.99999919705,2910.9725,2718.9475,
up_blocks.2.attentions.1.transformer_blocks.0.attn2.to_k,Linear,"(640, 768)",491520,W8A8,8,8,1.380925e-06,0.000654859825,0.012103714049999999,0.9999992242,2910.9725,2715.4700000000003,
down_blocks.0.attentions.0.transformer_blocks.0.attn1.to_k,Linear,"(320, 320)",102400,W8A8,8,8,1.4182249999999999e-06,0.000713104675,0.013251500225,0.999999212475,2910.9725,2695.49,
down_blocks.0.attentions.0.transformer_blocks.0.attn1.to_q,Linear,"(320, 320)",102400,W8A8,8,8,1.4440250000000001e-06,0.000777899975,0.018930807725,0.9999991015,2910.9725,2700.765,
down_blocks.0.attentions.0.transformer_blocks.0.attn2.to_q,Linear,"(320, 320)",102400,W8A8,8,8,1.44745e-06,0.000548735625,0.019576182600000002,0.9999992237499999,2910.9725,2707.6324999999997,
up_blocks.1.attentions.1.transformer_blocks.0.attn2.to_q,Linear,"(1280, 1280)",1638400,W8A8,8,8,1.49405e-06,0.000531126775,0.023781694475,0.9999991998,2910.9725,2737.145,
down_blocks.2.attentions.0.transformer_blocks.0.attn1.to_q,Linear,"(1280, 1280)",1638400,W8A8,8,8,1.51685e-06,0.000594550025,0.01469576175,0.99999919475,2910.9725,2721.3025,
up_blocks.0.resnets.2.conv_shortcut,Conv2d,"(1280, 2560, 1, 1)",3278080,W8A8,8,8,1.52795e-06,0.00071758775,0.014942795049999999,0.999999158375,2910.9725,3585.6850000000004,
up_blocks.3.attentions.1.transformer_blocks.0.attn2.to_q,Linear,"(320, 320)",102400,W8A8,8,8,1.5296749999999999e-06,0.00086483895,0.013782769425,0.999999073225,2910.9725,2757.0675,
up_blocks.2.attentions.2.transformer_blocks.0.attn1.to_k,Linear,"(640, 640)",409600,W8A8,8,8,1.5308249999999999e-06,0.0007522951,0.0247159004,0.99999909255,2910.9725,2722.2475,
mid_block.attentions.0.transformer_blocks.0.attn1.to_v,Linear,"(1280, 1280)",1638400,W8A8,8,8,1.566525e-06,0.000727179925,0.01560872795,0.99999910955,2910.9725,2801.385,
up_blocks.0.resnets.1.conv_shortcut,Conv2d,"(1280, 2560, 1, 1)",3278080,W8A8,8,8,1.622275e-06,0.000727278475,0.016261875624999998,0.99999910805,2910.9725,2765.15,
down_blocks.1.attentions.1.transformer_blocks.0.attn1.to_k,Linear,"(640, 640)",409600,W8A8,8,8,1.83605e-06,0.000643624425,0.015126301925,0.999999017225,2910.9725,2722.865,
down_blocks.3.resnets.0.time_emb_proj,Linear,"(1280, 1280)",1639680,W8A8,8,8,2.114225e-06,0.0005614937000000001,0.016353329175,0.9999989065,2910.9725,2753.6175000000003,
mid_block.attentions.0.transformer_blocks.0.attn2.to_q,Linear,"(1280, 1280)",1638400,W8A8,8,8,2.128725e-06,0.000647819225,0.014789495625,0.9999989061750001,2910.9725,2787.4275,
up_blocks.2.attentions.1.transformer_blocks.0.attn1.to_v,Linear,"(640, 640)",409600,W8A8,8,8,2.261425e-06,0.001075736925,0.019204192774999997,0.99999865395,2910.9725,2726.4075,
down_blocks.1.resnets.1.time_emb_proj,Linear,"(640, 1280)",819840,W8A8,8,8,2.358125e-06,0.000990228025,0.0149651156,0.999998402775,2910.9725,2730.4175,
down_blocks.1.attentions.0.transformer_blocks.0.attn2.to_q,Linear,"(640, 640)",409600,W8A8,8,8,2.622575e-06,0.0006528096000000001,0.019911667350000002,0.99999864045,2910.9725,2744.2425,
up_blocks.1.attentions.1.transformer_blocks.0.attn1.to_v,Linear,"(1280, 1280)",1638400,W8A8,8,8,2.8056e-06,0.001152051275,0.01828056015,0.9999983761,2910.9725,2752.2,
time_embedding.linear_1,Linear,"(1280, 320)",410880,W8A8,8,8,2.9562250000000002e-06,0.00102645795,0.01799268275,0.9999984654,2910.9725,2702.215,
up_blocks.2.attentions.0.transformer_blocks.0.attn1.to_v,Linear,"(640, 640)",409600,W8A8,8,8,2.96775e-06,0.001182486475,0.021799594149999997,0.9999982224,2910.9725,2698.4775,
up_blocks.1.attentions.1.transformer_blocks.0.attn1.to_k,Linear,"(1280, 1280)",1638400,W8A8,8,8,3.0243749999999997e-06,0.00080800215,0.027606435125,0.99999839285,2910.9725,2706.8450000000003,
up_blocks.2.resnets.2.time_emb_proj,Linear,"(640, 1280)",819840,W8A8,8,8,3.101975e-06,0.00140823315,0.01329617205,0.9999982109250001,2910.9725,2755.855,
up_blocks.3.attentions.2.transformer_blocks.0.attn2.to_k,Linear,"(320, 768)",245760,W8A8,8,8,3.159575e-06,0.001305505525,0.0191969052,0.999998253875,2910.9725,2793.6025,
up_blocks.3.attentions.0.transformer_blocks.0.attn1.to_q,Linear,"(320, 320)",102400,W8A8,8,8,3.3945e-06,0.00129701455,0.016862466925,0.999997756325,2910.9725,2738.7925,
down_blocks.2.attentions.1.transformer_blocks.0.attn1.to_q,Linear,"(1280, 1280)",1638400,W8A8,8,8,3.4612e-06,0.0008732734,0.02788614295,0.999998174325,2910.9725,2780.8725,
up_blocks.1.attentions.0.transformer_blocks.0.attn1.to_q,Linear,"(1280, 1280)",1638400,W8A8,8,8,3.482925e-06,0.0010352851,0.027613498275,0.999998062925,2910.9725,2841.1800000000003,
up_blocks.3.resnets.2.time_emb_proj,Linear,"(320, 1280)",409920,W8A8,8,8,3.5364249999999998e-06,0.0014694586,0.00774231365,0.9999978374,2910.9725,2829.63,
up_blocks.2.attentions.2.transformer_blocks.0.attn1.to_v,Linear,"(640, 640)",409600,W8A8,8,8,3.82375e-06,0.0015114234,0.0178796309,0.999997938575,2910.9725,2733.5075,
up_blocks.3.attentions.0.transformer_blocks.0.attn1.to_k,Linear,"(320, 320)",102400,W8A8,8,8,4.297725e-06,0.001449288875,0.019295781875,0.9999971236,2910.9725,2750.5175,
up_blocks.0.resnets.0.conv_shortcut,Conv2d,"(1280, 2560, 1, 1)",3278080,W8A8,8,8,4.334325e-06,0.00124977255,0.025726370525,0.999997573775,2910.9725,2743.1475,
up_blocks.1.attentions.0.transformer_blocks.0.attn1.to_k,Linear,"(1280, 1280)",1638400,W8A8,8,8,4.5580749999999996e-06,0.00113274475,0.028969332575,0.99999752285,2910.9725,3207.7999999999997,
down_blocks.0.attentions.1.transformer_blocks.0.attn1.to_q,Linear,"(320, 320)",102400,W8A8,8,8,4.6431000000000005e-06,0.00100986115,0.0227567535,0.9999975128,2910.9725,2716.53,
up_blocks.1.attentions.2.transformer_blocks.0.attn1.to_v,Linear,"(1280, 1280)",1638400,W8A8,8,8,4.741425e-06,0.001547649425,0.029392853375,0.999997318025,2910.9725,3554.7324999999996,
down_blocks.0.attentions.1.transformer_blocks.0.attn1.to_v,Linear,"(320, 320)",102400,W8A8,8,8,4.8211249999999995e-06,0.0013531989249999999,0.0246415585,0.999997351025,2910.9725,2718.215,
up_blocks.3.attentions.0.transformer_blocks.0.attn2.to_out.0,Linear,"(320, 320)",102720,W8A8,8,8,5.056925e-06,0.0017057848,0.019424870599999998,0.9999966512,2910.9725,2758.45,
down_blocks.1.attentions.0.transformer_blocks.0.attn1.to_q,Linear,"(640, 640)",409600,W8A8,8,8,5.138875e-06,0.000858494825,0.0221594963,0.999997354975,2910.9725,2922.6125,
mid_block.attentions.0.proj_out,Conv2d,"(1280, 1280, 1, 1)",1639680,W8A8,8,8,5.780525e-06,0.001384619825,0.026896467875,0.999996761825,2910.9725,2790.1549999999997,
up_blocks.2.attentions.0.transformer_blocks.0.attn2.to_out.0,Linear,"(640, 640)",410240,W8A8,8,8,5.872625e-06,0.001583529175,0.038234442475000005,0.999996359675,2910.9725,2667.495,
up_blocks.3.attentions.1.transformer_blocks.0.attn1.to_v,Linear,"(320, 320)",102400,W8A8,8,8,6.000725e-06,0.0019247830250000001,0.023945368825,0.999996502375,2910.9725,2769.4925,
down_blocks.0.attentions.0.transformer_blocks.0.attn1.to_v,Linear,"(320, 320)",102400,W8A8,8,8,6.5965e-06,0.001699474875,0.02672210335,0.999996280175,2910.9725,2702.28,
up_blocks.0.resnets.0.conv1,Conv2d,"(1280, 2560, 3, 3)",29492480,W8A8,8,8,6.723025e-06,0.00155862015,0.032487843175,0.9999961512,2910.9725,2803.585,
down_blocks.0.attentions.1.transformer_blocks.0.attn2.to_q,Linear,"(320, 320)",102400,W8A8,8,8,6.7733e-06,0.0012880228,0.026479784399999998,0.9999963483000001,2910.9725,2755.4025,
up_blocks.3.attentions.1.transformer_blocks.0.attn2.to_out.0,Linear,"(320, 320)",102720,W8A8,8,8,7.010050000000001e-06,0.002025572125,0.030251830825,0.99999578535,2910.9725,2755.8149999999996,
up_blocks.0.upsamplers.0.conv,Conv2d,"(1280, 1280, 3, 3)",14746880,W8A8,8,8,7.017325e-06,0.001298050275,0.04354313015,0.9999961953000001,2910.9725,3687.9575000000004,
up_blocks.3.attentions.0.transformer_blocks.0.attn2.to_v,Linear,"(320, 768)",245760,W8A8,8,8,7.274825e-06,0.0020974871,0.015751739974999998,0.999995631575,2910.9725,2771.165,
down_blocks.2.attentions.0.transformer_blocks.0.attn1.to_v,Linear,"(1280, 1280)",1638400,W8A8,8,8,7.3844e-06,0.0014329176,0.0320635289,0.999996071975,2910.9725,2758.55,
up_blocks.1.attentions.0.transformer_blocks.0.attn1.to_v,Linear,"(1280, 1280)",1638400,W8A8,8,8,7.5699e-06,0.001696569475,0.036656096575,0.99999557155,2910.9725,3505.4125,
down_blocks.2.attentions.0.transformer_blocks.0.attn2.to_q,Linear,"(1280, 1280)",1638400,W8A8,8,8,7.64615e-06,0.001062991775,0.029523421075,0.9999960809,2910.9725,2761.45,
down_blocks.0.attentions.1.transformer_blocks.0.attn2.to_k,Linear,"(320, 768)",245760,W8A8,8,8,7.69205e-06,0.001232990525,0.024398863325000002,0.9999959817,2910.9725,2737.3,
up_blocks.2.attentions.1.proj_out,Conv2d,"(640, 640, 1, 1)",410240,W8A8,8,8,7.95935e-06,0.002032681475,0.024167831075,0.9999951586,2910.9725,2699.6025,
down_blocks.0.attentions.1.transformer_blocks.0.attn1.to_out.0,Linear,"(320, 320)",102720,W8A8,8,8,8.321075e-06,0.001836592575,0.035298213349999996,0.999995067875,2910.9725,2727.88,
up_blocks.1.attentions.1.proj_out,Conv2d,"(1280, 1280, 1, 1)",1639680,W8A8,8,8,8.516475e-06,0.001852027275,0.03872323315,0.999994840825,2910.9725,2755.205,
up_blocks.2.resnets.2.conv_shortcut,Conv2d,"(640, 960, 1, 1)",615040,W8A8,8,8,8.60855e-06,0.002192558075,0.024839714149999997,0.9999946122250001,2910.9725,2757.2675,
down_blocks.1.attentions.0.proj_out,Conv2d,"(640, 640, 1, 1)",410240,W8A8,8,8,8.985425e-06,0.001649491275,0.0469372198,0.999994946675,2910.9725,2710.74,
up_blocks.1.attentions.0.proj_out,Conv2d,"(1280, 1280, 1, 1)",1639680,W8A8,8,8,9.170225e-06,0.001891863225,0.04274226725,0.999994795525,2910.9725,2750.3625,
down_blocks.0.attentions.1.transformer_blocks.0.ff.net.0.proj,Linear,"(2560, 320)",821760,W8A8,8,8,1.0094975e-05,0.00199333375,0.042735235775,0.999993903,2910.9725,2739.5025,
down_blocks.1.attentions.0.transformer_blocks.0.attn2.to_k,Linear,"(640, 768)",491520,W8A8,8,8,1.0257075e-05,0.002123820175,0.038140775625,0.9999938816,2910.9725,2756.08,
up_blocks.3.attentions.2.transformer_blocks.0.attn1.to_v,Linear,"(320, 320)",102400,W8A8,8,8,1.0478e-05,0.00260028995,0.016990691425,0.99999440735,2910.9725,2801.5325000000003,
up_blocks.2.attentions.2.transformer_blocks.0.attn2.to_k,Linear,"(640, 768)",491520,W8A8,8,8,1.0690025000000001e-05,0.00201283095,0.01990449055,0.999993836725,2910.9725,2727.265,
mid_block.resnets.1.conv2,Conv2d,"(1280, 1280, 3, 3)",14746880,W8A8,8,8,1.13321e-05,0.001593424375,0.040586791925,0.99999413605,2910.9725,2845.255,
up_blocks.0.resnets.1.conv2,Conv2d,"(1280, 1280, 3, 3)",14746880,W8A8,8,8,1.1548e-05,0.00181062665,0.034198457375,0.999994022075,2910.9725,2765.7325,
down_blocks.2.attentions.1.transformer_blocks.0.attn1.to_k,Linear,"(1280, 1280)",1638400,W8A8,8,8,1.1612775e-05,0.001334972825,0.028592208425,0.999994004975,2910.9725,2781.8225,
up_blocks.2.attentions.0.transformer_blocks.0.attn1.to_out.0,Linear,"(640, 640)",410240,W8A8,8,8,1.198575e-05,0.002212997775,0.05114883185,0.999992902225,2910.9725,4080.34,
up_blocks.3.attentions.1.transformer_blocks.0.attn2.to_v,Linear,"(320, 768)",245760,W8A8,8,8,1.229495e-05,0.002784023325,0.019977614275,0.999992463775,2910.9725,2755.8450000000003,
down_blocks.0.attentions.0.proj_out,Conv2d,"(320, 320, 1, 1)",102720,W8A8,8,8,1.3624575e-05,0.00229145745,0.0417255247,0.999992571775,2910.9725,2734.7625,
up_blocks.3.attentions.2.transformer_blocks.0.attn2.to_q,Linear,"(320, 320)",102400,W8A8,8,8,1.41711e-05,0.0025653070750000003,0.040602803225,0.99999104605,2910.9725,2787.08,
down_blocks.0.attentions.1.proj_in,Conv2d,"(320, 320, 1, 1)",102720,W8A8,8,8,1.433345e-05,0.002499036325,0.04839811195,0.9999909954,2910.9725,2716.24,
up_blocks.0.resnets.2.conv2,Conv2d,"(1280, 1280, 3, 3)",14746880,W8A8,8,8,1.4521e-05,0.0019739126999999998,0.059384696175,0.99999226035,2910.9725,3653.7200000000003,
up_blocks.2.attentions.1.transformer_blocks.0.attn2.to_out.0,Linear,"(640, 640)",410240,W8A8,8,8,1.45216e-05,0.0025982439,0.06125755235,0.99999172715,2910.9725,2717.7475,
up_blocks.2.resnets.2.conv2,Conv2d,"(640, 640, 3, 3)",3687040,W8A8,8,8,1.471305e-05,0.0027254743,0.051187925025,0.999990916125,2910.9725,2755.93,
down_blocks.1.attentions.0.transformer_blocks.0.attn1.to_out.0,Linear,"(640, 640)",410240,W8A8,8,8,1.4890025e-05,0.001940015275,0.054683201024999996,0.9999916182499999,2910.9725,2727.515,
down_blocks.1.attentions.0.transformer_blocks.0.ff.net.0.proj,Linear,"(5120, 640)",3281920,W8A8,8,8,1.5031099999999999e-05,0.002404615725,0.043715741475,0.99999135665,2910.9725,2733.42,
up_blocks.1.upsamplers.0.conv,Conv2d,"(1280, 1280, 3, 3)",14746880,W8A8,8,8,1.5140950000000001e-05,0.002591751225,0.049644868800000005,0.999990653775,2910.9725,3532.0950000000003,
mid_block.attentions.0.transformer_blocks.0.ff.net.0.proj,Linear,"(10240, 1280)",13117440,W8A8,8,8,1.5141725e-05,0.002250455225,0.057301417,0.9999915666,2910.9725,2831.36,
up_blocks.2.attentions.1.transformer_blocks.0.attn1.to_out.0,Linear,"(640, 640)",410240,W8A8,8,8,1.5180375e-05,0.00282652255,0.035415055225,0.999990593625,2910.9725,2730.9300000000003,
up_blocks.3.attentions.0.proj_out,Conv2d,"(320, 320, 1, 1)",102720,W8A8,8,8,1.5234849999999999e-05,0.003035896925,0.026831399675,0.99999049925,2910.9725,2821.38,
up_blocks.1.resnets.1.conv1,Conv2d,"(1280, 2560, 3, 3)",29492480,W8A8,8,8,1.5916250000000002e-05,0.002429601275,0.048949731525,0.999990903475,2910.9725,3527.9425,
up_blocks.2.attentions.2.proj_out,Conv2d,"(640, 640, 1, 1)",410240,W8A8,8,8,1.599955e-05,0.0029892282999999997,0.031576952875,0.99998966115,2910.9725,2736.7925,
up_blocks.2.attentions.2.transformer_blocks.0.attn1.to_out.0,Linear,"(640, 640)",410240,W8A8,8,8,1.6042925e-05,0.002935095525,0.050708852725,0.999990325325,2910.9725,2755.9275,
up_blocks.2.upsamplers.0.conv,Conv2d,"(640, 640, 3, 3)",3687040,W8A8,8,8,1.60665e-05,0.0030133321999999997,0.03298073265,0.9999901637999999,2910.9725,2802.2650000000003,
up_blocks.2.attentions.0.transformer_blocks.0.ff.net.0.proj,Linear,"(5120, 640)",3281920,W8A8,8,8,1.6381575e-05,0.0026372696,0.051723133775,0.9999899357250001,2910.9725,2698.3450000000003,
up_blocks.1.resnets.2.conv2,Conv2d,"(1280, 1280, 3, 3)",14746880,W8A8,8,8,1.648625e-05,0.0023704333500000003,0.06551672145000001,0.9999904594,2910.9725,3458.435,
up_blocks.0.resnets.0.conv2,Conv2d,"(1280, 1280, 3, 3)",14746880,W8A8,8,8,1.7045525e-05,0.002168735575,0.045713450775,0.9999908781,2910.9725,2782.2575,
up_blocks.2.resnets.0.conv2,Conv2d,"(640, 640, 3, 3)",3687040,W8A8,8,8,1.715405e-05,0.00261127035,0.054453434450000004,0.9999899825,2910.9725,2727.1775,
down_blocks.1.attentions.0.transformer_blocks.0.attn1.to_v,Linear,"(640, 640)",409600,W8A8,8,8,1.795335e-05,0.001872502575,0.047317495575,0.99999057465,2910.9725,2742.6800000000003,
mid_block.resnets.0.conv1,Conv2d,"(1280, 1280, 3, 3)",14746880,W8A8,8,8,1.7954149999999998e-05,0.001835580925,0.044347006825,0.999990739975,2910.9725,2848.9625,
up_blocks.3.resnets.1.conv2,Conv2d,"(320, 320, 3, 3)",921920,W8A8,8,8,1.820945e-05,0.003317193725,0.033442609025,0.99998865055,2910.9725,2890.1099999999997,
up_blocks.3.resnets.0.conv2,Conv2d,"(320, 320, 3, 3)",921920,W8A8,8,8,1.83038e-05,0.003252814075,0.03552492335,0.99998839775,2910.9725,2803.825,
up_blocks.0.resnets.2.conv1,Conv2d,"(1280, 2560, 3, 3)",29492480,W8A8,8,8,1.8452575e-05,0.002434741525,0.0505828317,0.99998972335,2910.9725,2821.0975,
down_blocks.0.attentions.0.transformer_blocks.0.attn2.to_out.0,Linear,"(320, 320)",102720,W8A8,8,8,1.9045175e-05,0.003255757075,0.033083997675,0.9999875987,2910.9725,2729.3825,
up_blocks.2.attentions.0.proj_in,Conv2d,"(640, 640, 1, 1)",410240,W8A8,8,8,1.9329550000000002e-05,0.002793802075,0.067327387625,0.999988037625,2910.9725,3049.3875,
up_blocks.1.resnets.2.conv_shortcut,Conv2d,"(1280, 1920, 1, 1)",2458880,W8A8,8,8,1.9520475000000002e-05,0.002519543775,0.066266398875,0.9999891251749999,2910.9725,3528.9425,
up_blocks.3.attentions.2.transformer_blocks.0.attn2.to_out.0,Linear,"(320, 320)",102720,W8A8,8,8,1.9574175e-05,0.0034902704,0.02086057515,0.99998862715,2910.9725,2781.0975,
down_blocks.3.resnets.1.conv2,Conv2d,"(1280, 1280, 3, 3)",14746880,W8A8,8,8,1.970665e-05,0.00207481105,0.0400147289,0.999989588125,2910.9725,2760.7475,
down_blocks.1.attentions.1.transformer_blocks.0.attn2.to_k,Linear,"(640, 768)",491520,W8A8,8,8,2.0284874999999998e-05,0.0024272386,0.051414420825,0.9999887670000001,2910.9725,2752.4175,
down_blocks.0.resnets.1.conv1,Conv2d,"(320, 320, 3, 3)",921920,W8A8,8,8,2.1108300000000003e-05,0.002855786975,0.06031027995,0.999987412425,2910.9725,2744.7725,
down_blocks.1.resnets.1.conv2,Conv2d,"(640, 640, 3, 3)",3687040,W8A8,8,8,2.12957e-05,0.002505339025,0.070725742725,0.99998811925,2910.9725,2757.6625,
up_blocks.2.resnets.2.conv1,Conv2d,"(640, 960, 3, 3)",5530240,W8A8,8,8,2.1490025e-05,0.003249480425,0.05262395365,0.999986530875,2910.9725,2761.1075,
up_blocks.1.resnets.1.conv_shortcut,Conv2d,"(1280, 2560, 1, 1)",3278080,W8A8,8,8,2.1916774999999998e-05,0.0029629297000000002,0.0532230958,0.999987444525,2910.9725,3476.0975,
up_blocks.3.resnets.1.conv1,Conv2d,"(320, 640, 3, 3)",1843520,W8A8,8,8,2.2055575e-05,0.0035859153,0.042466239074999995,0.999986133925,2910.9725,2791.77,
up_blocks.0.resnets.1.conv1,Conv2d,"(1280, 2560, 3, 3)",29492480,W8A8,8,8,2.25254e-05,0.002227889075,0.04730505125,0.999988253675,2910.9725,2805.74,
time_embedding.linear_2,Linear,"(1280, 1280)",1639680,W8A8,8,8,2.277505e-05,0.003467798425,0.048426084225,0.9999866945,2910.9725,2689.98,
down_blocks.1.attentions.1.transformer_blocks.0.attn1.to_v,Linear,"(640, 640)",409600,W8A8,8,8,2.280325e-05,0.0018677297499999999,0.047367073600000004,0.999988248475,2910.9725,2737.085,
up_blocks.1.attentions.2.transformer_blocks.0.attn2.to_k,Linear,"(1280, 768)",983040,W8A8,8,8,2.341545e-05,0.002620542975,0.055729366824999994,0.999985598,2910.9725,3489.885,
up_blocks.3.attentions.0.transformer_blocks.0.attn1.to_v,Linear,"(320, 320)",102400,W8A8,8,8,2.40198e-05,0.003827659125,0.0342558408,0.99998532875,2910.9725,2743.2675,
down_blocks.0.attentions.0.transformer_blocks.0.attn1.to_out.0,Linear,"(320, 320)",102720,W8A8,8,8,2.41508e-05,0.00230103245,0.055018686675,0.9999872066,2910.9725,2698.58,
up_blocks.2.resnets.1.conv2,Conv2d,"(640, 640, 3, 3)",3687040,W8A8,8,8,2.447e-05,0.003249344525,0.053227743125000004,0.999984464575,2910.9725,2736.8725,
down_blocks.0.attentions.1.proj_out,Conv2d,"(320, 320, 1, 1)",102720,W8A8,8,8,2.5291374999999998e-05,0.0032537491,0.057578731325,0.9999852407750001,2910.9725,2748.59,
up_blocks.3.attentions.2.transformer_blocks.0.attn2.to_v,Linear,"(320, 768)",245760,W8A8,8,8,2.5409800000000002e-05,0.004119472075,0.02521958945,0.9999842889,2910.9725,2789.7200000000003,
up_blocks.1.resnets.1.conv2,Conv2d,"(1280, 1280, 3, 3)",14746880,W8A8,8,8,2.55268e-05,0.0030743918000000004,0.062018964450000005,0.999985972225,2910.9725,3491.3374999999996,
down_blocks.1.attentions.0.proj_in,Conv2d,"(640, 640, 1, 1)",410240,W8A8,8,8,2.5614125e-05,0.003138429875,0.07009592,0.99998495575,2910.9725,2732.2125,
down_blocks.1.resnets.0.conv2,Conv2d,"(640, 640, 3, 3)",3687040,W8A8,8,8,2.6116225e-05,0.0028752078,0.075245969,0.999985061775,2910.9725,2736.4300000000003,
down_blocks.0.resnets.1.time_emb_proj,Linear,"(320, 1280)",409920,W8A8,8,8,2.7059925e-05,0.002416159725,0.054135411975,0.999985564075,2910.9725,2734.35,
up_blocks.2.attentions.1.transformer_blocks.0.ff.net.0.proj,Linear,"(5120, 640)",3281920,W8A8,8,8,2.71114e-05,0.003388818025,0.070603866125,0.999984229225,2910.9725,2744.0975,
up_blocks.1.attentions.1.transformer_blocks.0.attn1.to_out.0,Linear,"(1280, 1280)",1639680,W8A8,8,8,2.7586125000000002e-05,0.003569199175,0.06697509997500001,0.999983703975,2910.9725,2715.01,
mid_block.attentions.0.transformer_blocks.0.attn2.to_k,Linear,"(1280, 768)",983040,W8A8,8,8,2.8016525e-05,0.003035466225,0.05844813865,0.999984839575,2910.9725,2804.0725,
up_blocks.2.attentions.1.proj_in,Conv2d,"(640, 640, 1, 1)",410240,W8A8,8,8,2.8045475e-05,0.00362199165,0.06362204625,0.9999832100749999,2910.9725,2707.245,
up_blocks.1.attentions.2.proj_out,Conv2d,"(1280, 1280, 1, 1)",1639680,W8A8,8,8,2.8221175e-05,0.003316567525,0.070442538725,0.9999827294,2910.9725,3511.6099999999997,
down_blocks.0.attentions.0.proj_in,Conv2d,"(320, 320, 1, 1)",102720,W8A8,8,8,2.8459975e-05,0.002861605,0.079883903275,0.999984367475,2910.9725,2700.6275,
down_blocks.2.resnets.1.time_emb_proj,Linear,"(1280, 1280)",1639680,W8A8,8,8,2.987295e-05,0.00191341655,0.057509727775,0.99998473575,2910.9725,2751.445,
mid_block.attentions.0.proj_in,Conv2d,"(1280, 1280, 1, 1)",1639680,W8A8,8,8,3.1169125e-05,0.003135581025,0.08172331005,0.9999814792,2910.9725,2784.39,
down_blocks.1.attentions.1.transformer_blocks.0.attn1.to_out.0,Linear,"(640, 640)",410240,W8A8,8,8,3.1673575e-05,0.003149753425,0.06028382575,0.999982435525,2910.9725,2765.5950000000003,
up_blocks.2.attentions.2.transformer_blocks.0.attn2.to_out.0,Linear,"(640, 640)",410240,W8A8,8,8,3.2587025e-05,0.004082264775,0.063955400125,0.9999814438500001,2910.9725,2735.1600000000003,
down_blocks.3.resnets.1.conv1,Conv2d,"(1280, 1280, 3, 3)",14746880,W8A8,8,8,3.2915e-05,0.0022819396,0.061348699025,0.999983180125,2910.9725,2800.41,
up_blocks.2.attentions.0.proj_out,Conv2d,"(640, 640, 1, 1)",410240,W8A8,8,8,3.4255825e-05,0.003416646175,0.0638661012,0.99997887565,2910.9725,2707.2075,
up_blocks.3.attentions.2.proj_out,Conv2d,"(320, 320, 1, 1)",102720,W8A8,8,8,3.5649325e-05,0.0047391029,0.0234146379,0.9999778421250001,2910.9725,2786.29,
up_blocks.3.attentions.0.transformer_blocks.0.ff.net.0.proj,Linear,"(2560, 320)",821760,W8A8,8,8,3.565865e-05,0.0045558866,0.045085109750000005,0.99997744235,2910.9725,2787.275,
up_blocks.2.attentions.2.transformer_blocks.0.ff.net.0.proj,Linear,"(5120, 640)",3281920,W8A8,8,8,3.6187525e-05,0.0042541505499999995,0.0821467042,0.999978398475,2910.9725,2752.605,
down_blocks.2.attentions.1.transformer_blocks.0.attn2.to_q,Linear,"(1280, 1280)",1638400,W8A8,8,8,3.6371124999999996e-05,0.00236163385,0.0675195083,0.9999812594,2910.9725,2758.3475,
up_blocks.3.attentions.2.transformer_blocks.0.attn1.to_out.0,Linear,"(320, 320)",102720,W8A8,8,8,3.6919175e-05,0.004829978,0.035527199499999995,0.999978862625,2910.9725,2797.0725,
up_blocks.3.attentions.1.proj_out,Conv2d,"(320, 320, 1, 1)",102720,W8A8,8,8,3.74422e-05,0.0048518686,0.0350457034,0.9999767526000001,2910.9725,2794.7775,
up_blocks.1.resnets.0.conv2,Conv2d,"(1280, 1280, 3, 3)",14746880,W8A8,8,8,3.9105075e-05,0.003491566625,0.09473655747500001,0.99997820645,2910.9725,3513.0625,
up_blocks.3.attentions.0.transformer_blocks.0.ff.net.2,Linear,"(320, 1280)",409920,W8A8,8,8,3.9259475e-05,0.004709717025,0.0497624278,0.999975589275,2910.9725,2765.44,
up_blocks.1.attentions.1.transformer_blocks.0.ff.net.0.proj,Linear,"(10240, 1280)",13117440,W8A8,8,8,3.9397825e-05,0.003438501675,0.10630159827499999,0.999976978225,2910.9725,2762.17,
up_blocks.3.resnets.2.conv1,Conv2d,"(320, 640, 3, 3)",1843520,W8A8,8,8,4.1689225e-05,0.005085125,0.039251789475,0.999973871325,2910.9725,2848.1175000000003,
up_blocks.3.attentions.0.proj_in,Conv2d,"(320, 320, 1, 1)",102720,W8A8,8,8,4.1993e-05,0.004875170999999999,0.058361210875,0.999973592475,2910.9725,2749.1575,
up_blocks.1.attentions.0.transformer_blocks.0.attn1.to_out.0,Linear,"(1280, 1280)",1639680,W8A8,8,8,4.3404999999999995e-05,0.003953317475,0.072145542125,0.999975927425,2910.9725,3487.605,
up_blocks.1.attentions.0.transformer_blocks.0.attn2.to_k,Linear,"(1280, 768)",983040,W8A8,8,8,4.38984e-05,0.0038254492499999997,0.08034632355,0.999975395775,2910.9725,3475.9075,
up_blocks.1.attentions.2.transformer_blocks.0.ff.net.0.proj,Linear,"(10240, 1280)",13117440,W8A8,8,8,4.430325e-05,0.004061242875,0.113322984425,0.99997386455,2910.9725,3531.36,
up_blocks.3.attentions.0.transformer_blocks.0.attn1.to_out.0,Linear,"(320, 320)",102720,W8A8,8,8,4.4851799999999996e-05,0.0051358511,0.044522911325,0.999971781225,2910.9725,2764.5225,
up_blocks.1.attentions.0.proj_in,Conv2d,"(1280, 1280, 1, 1)",1639680,W8A8,8,8,4.6241075000000005e-05,0.00409037175,0.090229625825,0.99997404905,2910.9725,3232.3575,
up_blocks.3.resnets.2.conv2,Conv2d,"(320, 320, 3, 3)",921920,W8A8,8,8,4.7611499999999996e-05,0.005422373175,0.044805362825,0.99997114675,2910.9725,2816.7650000000003,
up_blocks.1.resnets.0.conv1,Conv2d,"(1280, 2560, 3, 3)",29492480,W8A8,8,8,4.7739100000000005e-05,0.0038556814,0.09523800575,0.99997399845,2910.9725,3646.8375,
up_blocks.3.attentions.1.transformer_blocks.0.attn1.to_out.0,Linear,"(320, 320)",102720,W8A8,8,8,4.787875e-05,0.00539820865,0.046575948575,0.999970336925,2910.9725,2781.245,
down_blocks.2.resnets.1.conv1,Conv2d,"(1280, 1280, 3, 3)",14746880,W8A8,8,8,4.7989100000000004e-05,0.003507183275,0.08315631,0.999975014125,2910.9725,2776.5225,
down_blocks.2.attentions.0.transformer_blocks.0.attn2.to_out.0,Linear,"(1280, 1280)",1639680,W8A8,8,8,4.885385e-05,0.003562189025,0.101458996525,0.9999737219,2910.9725,2761.8475,
mid_block.resnets.1.conv1,Conv2d,"(1280, 1280, 3, 3)",14746880,W8A8,8,8,5.22786e-05,0.003031363975,0.07310536502500001,0.999972877825,2910.9725,2829.9525000000003,
up_blocks.2.attentions.2.proj_in,Conv2d,"(640, 640, 1, 1)",410240,W8A8,8,8,5.24178e-05,0.00520435975,0.0744966827,0.9999677625250001,2910.9725,2728.61,
up_blocks.2.resnets.0.conv1,Conv2d,"(640, 1920, 3, 3)",11059840,W8A8,8,8,5.31047e-05,0.00400976445,0.1269144844,0.999968815875,2910.9725,2785.8025,
mid_block.attentions.0.transformer_blocks.0.attn1.to_out.0,Linear,"(1280, 1280)",1639680,W8A8,8,8,5.687432500000001e-05,0.0035270278,0.08502364345,0.999969738975,2910.9725,2785.335,
up_blocks.3.attentions.1.transformer_blocks.0.ff.net.0.proj,Linear,"(2560, 320)",821760,W8A8,8,8,5.707285e-05,0.005900847475,0.0627413988,0.999964344225,2910.9725,2777.2174999999997,
up_blocks.3.attentions.2.transformer_blocks.0.ff.net.0.proj,Linear,"(2560, 320)",821760,W8A8,8,8,5.764915e-05,0.0060609062,0.034320604025,0.999963525825,2910.9725,2806.4125,
down_blocks.2.attentions.1.transformer_blocks.0.attn1.to_v,Linear,"(1280, 1280)",1638400,W8A8,8,8,6.00686e-05,0.00287327705,0.077741716075,0.99996926815,2910.9725,2768.0825,
up_blocks.2.attentions.1.transformer_blocks.0.attn2.to_v,Linear,"(640, 768)",491520,W8A8,8,8,6.6290925e-05,0.0064620344,0.054132223125000004,0.99995945845,2910.9725,2722.7225,
up_blocks.1.attentions.1.proj_in,Conv2d,"(1280, 1280, 1, 1)",1639680,W8A8,8,8,6.881205000000001e-05,0.0045737971,0.128076970575,0.9999598278,2910.9725,2753.7,
up_blocks.3.attentions.1.proj_in,Conv2d,"(320, 320, 1, 1)",102720,W8A8,8,8,6.8949625e-05,0.0064179967,0.082185387625,0.99995531215,2910.9725,2802.2025,
up_blocks.3.resnets.1.conv_shortcut,Conv2d,"(320, 640, 1, 1)",205120,W8A8,8,8,6.9063375e-05,0.0065448450499999995,0.059595912675,0.999957582525,2910.9725,2882.1625,
up_blocks.2.attentions.2.transformer_blocks.0.attn2.to_v,Linear,"(640, 768)",491520,W8A8,8,8,7.0803625e-05,0.0070927773749999996,0.0376073718,0.99995677865,2910.9725,2735.3925,
down_blocks.1.resnets.0.conv1,Conv2d,"(640, 320, 3, 3)",1843840,W8A8,8,8,7.34825e-05,0.0037057145,0.095764301725,0.9999618439,2910.9725,2732.1875,
up_blocks.1.attentions.0.transformer_blocks.0.ff.net.0.proj,Linear,"(10240, 1280)",13117440,W8A8,8,8,7.3835625e-05,0.003783475275,0.1262729913,0.999961488675,2910.9725,3461.875,
down_blocks.1.resnets.1.conv1,Conv2d,"(640, 640, 3, 3)",3687040,W8A8,8,8,7.38431e-05,0.00396316395,0.09671190195,0.9999612394,2910.9725,2722.56,
up_blocks.3.resnets.0.conv1,Conv2d,"(320, 960, 3, 3)",2765120,W8A8,8,8,7.4563325e-05,0.006333177325,0.070599330575,0.9999535724499999,2910.9725,2809.525,
mid_block.resnets.0.conv2,Conv2d,"(1280, 1280, 3, 3)",14746880,W8A8,8,8,7.6620875e-05,0.002960795925,0.09295471385000001,0.9999607493,2910.9725,2802.1975,
up_blocks.2.attentions.2.transformer_blocks.0.ff.net.2,Linear,"(640, 2560)",1639040,W8A8,8,8,8.2091275e-05,0.006630838125,0.08021665735,0.9999503,2910.9725,2774.9425,
up_blocks.2.attentions.0.transformer_blocks.0.ff.net.2,Linear,"(640, 2560)",1639040,W8A8,8,8,8.52141e-05,0.005898297775,0.0925821522,0.999943393775,2910.9725,2696.99,
up_blocks.1.attentions.1.transformer_blocks.0.attn2.to_k,Linear,"(1280, 768)",983040,W8A8,8,8,9.096625e-05,0.0041068176,0.1623294428,0.999951549725,2910.9725,2747.06,
up_blocks.3.resnets.0.conv_shortcut,Conv2d,"(320, 960, 1, 1)",307520,W8A8,8,8,9.3155025e-05,0.007381319525,0.071125343425,0.999944568625,2910.9725,2786.52,
up_blocks.2.attentions.0.transformer_blocks.0.attn2.to_v,Linear,"(640, 768)",491520,W8A8,8,8,0.000104116975,0.007227771225,0.095641134325,0.999937253825,2910.9725,3187.625,
up_blocks.2.attentions.1.transformer_blocks.0.ff.net.2,Linear,"(640, 2560)",1639040,W8A8,8,8,0.00011094482500000001,0.0073207647,0.11898858844999999,0.99993392575,2910.9725,2744.0125,
up_blocks.1.attentions.0.transformer_blocks.0.attn2.to_out.0,Linear,"(1280, 1280)",1639680,W8A8,8,8,0.000111362775,0.006271139324999999,0.118109596925,0.9999368682,2910.9725,3444.39,
down_blocks.1.attentions.1.transformer_blocks.0.attn2.to_out.0,Linear,"(640, 640)",410240,W8A8,8,8,0.000111511925,0.0040797768,0.11438272892500001,0.9999427376750001,2910.9725,2743.34,
mid_block.attentions.0.transformer_blocks.0.attn2.to_out.0,Linear,"(1280, 1280)",1639680,W8A8,8,8,0.0001132609,0.00621706935,0.11934473365,0.99993374325,2910.9725,2836.26,
up_blocks.1.attentions.2.proj_in,Conv2d,"(1280, 1280, 1, 1)",1639680,W8A8,8,8,0.0001150046,0.006879092975,0.18525573237499998,0.9999292765,2910.9725,3616.8925,
down_blocks.1.attentions.1.proj_in,Conv2d,"(640, 640, 1, 1)",410240,W8A8,8,8,0.00011706142499999999,0.0054303336249999995,0.120467197125,0.9999383804249999,2910.9725,2735.545,
down_blocks.0.attentions.1.transformer_blocks.0.ff.net.2,Linear,"(320, 1280)",409920,W8A8,8,8,0.000119368625,0.0061252662999999995,0.10322841999999999,0.99993591045,2910.9725,2737.7349999999997,
up_blocks.1.attentions.2.transformer_blocks.0.attn1.to_out.0,Linear,"(1280, 1280)",1639680,W8A8,8,8,0.00012062425,0.0076813672,0.13154015315,0.9999293273500001,2910.9725,3515.5649999999996,
up_blocks.3.resnets.2.conv_shortcut,Conv2d,"(320, 640, 1, 1)",205120,W8A8,8,8,0.00012184525,0.008731043925000001,0.07711052894999999,0.99992516605,2910.9725,2812.0299999999997,
down_blocks.1.resnets.0.conv_shortcut,Conv2d,"(640, 320, 1, 1)",205440,W8A8,8,8,0.000124323725,0.005104286475,0.1291747801,0.9999344652,2910.9725,2731.1825,
down_blocks.0.attentions.0.transformer_blocks.0.ff.net.0.proj,Linear,"(2560, 320)",821760,W8A8,8,8,0.0001263686,0.005591082575,0.122901499275,0.9999335718,2910.9725,2750.0375,
down_blocks.1.attentions.0.transformer_blocks.0.attn2.to_v,Linear,"(640, 768)",491520,W8A8,8,8,0.000127205375,0.007147611125,0.14934369922500002,0.9999261164,2910.9725,2753.9325,
down_blocks.2.attentions.0.proj_in,Conv2d,"(1280, 1280, 1, 1)",1639680,W8A8,8,8,0.000131944675,0.006012788099999999,0.172859632425,0.999928527775,2910.9725,2730.81,
mid_block.attentions.0.transformer_blocks.0.ff.net.2,Linear,"(1280, 5120)",6554880,W8A8,8,8,0.000136058425,0.006072027325,0.1493211277,0.9999276221,2910.9725,2802.8475,
down_blocks.1.attentions.0.transformer_blocks.0.attn2.to_out.0,Linear,"(640, 640)",410240,W8A8,8,8,0.000138375025,0.00561217835,0.12315778155,0.9999264722,2910.9725,2742.86,
up_blocks.3.attentions.2.transformer_blocks.0.ff.net.2,Linear,"(320, 1280)",409920,W8A8,8,8,0.00014681425,0.009538853525,0.04886129125,0.999913456375,2910.9725,2819.385,
down_blocks.2.attentions.0.transformer_blocks.0.ff.net.0.proj,Linear,"(10240, 1280)",13117440,W8A8,8,8,0.00014820045000000002,0.005845188649999999,0.13162950335,0.9999232906,2910.9725,2805.655,
down_blocks.1.attentions.0.transformer_blocks.0.ff.net.2,Linear,"(640, 2560)",1639040,W8A8,8,8,0.000150185725,0.0069041529,0.23111632467499998,0.9999140513,2910.9725,2735.31,
down_blocks.3.resnets.0.conv1,Conv2d,"(1280, 1280, 3, 3)",14746880,W8A8,8,8,0.00015312785,0.00439796175,0.100052418175,0.999922215075,2910.9725,2761.0,
down_blocks.0.attentions.0.transformer_blocks.0.ff.net.2,Linear,"(320, 1280)",409920,W8A8,8,8,0.00015622895,0.0059480603,0.18736898899999999,0.99991698255,2910.9725,2738.6225,
up_blocks.3.attentions.2.proj_in,Conv2d,"(320, 320, 1, 1)",102720,W8A8,8,8,0.00015719515,0.009953304175,0.0558052063,0.999903089925,2910.9725,2770.765,
down_blocks.0.attentions.1.transformer_blocks.0.attn2.to_v,Linear,"(320, 768)",245760,W8A8,8,8,0.0001600858,0.005848481925,0.141350939875,0.999916548775,2910.9725,2729.4775,
down_blocks.0.attentions.1.transformer_blocks.0.attn2.to_out.0,Linear,"(320, 320)",102720,W8A8,8,8,0.00016565155,0.0044142198,0.10882647475,0.99991508785,2910.9725,2745.245,
up_blocks.1.attentions.1.transformer_blocks.0.attn2.to_out.0,Linear,"(1280, 1280)",1639680,W8A8,8,8,0.000166069275,0.0062889845,0.18988762425,0.99991067995,2910.9725,2719.94,
down_blocks.2.resnets.1.conv2,Conv2d,"(1280, 1280, 3, 3)",14746880,W8A8,8,8,0.000176621125,0.005008204675,0.1374719888,0.9999092169,2910.9725,2775.4875,
down_blocks.1.attentions.1.transformer_blocks.0.ff.net.0.proj,Linear,"(5120, 640)",3281920,W8A8,8,8,0.000177752575,0.007547719175,0.147350024425,0.9999029671749999,2910.9725,2728.21,
down_blocks.0.attentions.0.transformer_blocks.0.attn2.to_k,Linear,"(320, 768)",245760,W8A8,8,8,0.0001901437,0.005296865925,0.108791199525,0.999902337975,2910.9725,2721.025,
up_blocks.1.resnets.0.conv_shortcut,Conv2d,"(1280, 2560, 1, 1)",3278080,W8A8,8,8,0.00019231907499999998,0.0072131952,0.219422351575,0.999897083725,2910.9725,3470.665,
down_blocks.3.resnets.0.conv2,Conv2d,"(1280, 1280, 3, 3)",14746880,W8A8,8,8,0.000192634775,0.00487757215,0.11018657685,0.999901239525,2910.9725,2771.2375,
up_blocks.3.attentions.1.transformer_blocks.0.ff.net.2,Linear,"(320, 1280)",409920,W8A8,8,8,0.00020314125,0.010877696775000001,0.092337317775,0.999880347675,2910.9725,2796.6575000000003,
down_blocks.2.downsamplers.0.conv,Conv2d,"(1280, 1280, 3, 3)",14746880,W8A8,8,8,0.0002075223,0.007936537725,0.173986047525,0.999886296375,2910.9725,2758.6225,
up_blocks.1.attentions.2.transformer_blocks.0.attn2.to_out.0,Linear,"(1280, 1280)",1639680,W8A8,8,8,0.00021425435,0.010107704825000001,0.2079656571,0.999864641375,2910.9725,3545.95,
down_blocks.2.attentions.1.proj_in,Conv2d,"(1280, 1280, 1, 1)",1639680,W8A8,8,8,0.000234349075,0.008809481875,0.174456294625,0.99986977925,2910.9725,2785.96,
down_blocks.0.resnets.0.conv1,Conv2d,"(320, 320, 3, 3)",921920,W8A8,8,8,0.000236705225,0.008498748175,0.1510271728,0.999874230175,2910.9725,2708.98,
up_blocks.2.resnets.1.conv_shortcut,Conv2d,"(640, 1280, 1, 1)",819840,W8A8,8,8,0.000267538625,0.010062197225,0.14386227355,0.999838108925,2910.9725,2751.055,
down_blocks.2.resnets.0.conv2,Conv2d,"(1280, 1280, 3, 3)",14746880,W8A8,8,8,0.000286067975,0.0075781296,0.2071135789,0.99985245125,2910.9725,2787.14,
down_blocks.0.resnets.0.conv2,Conv2d,"(320, 320, 3, 3)",921920,W8A8,8,8,0.00029236875000000003,0.01022060575,0.19644293935,0.999834474775,2910.9725,2712.54,
down_blocks.1.resnets.0.time_emb_proj,Linear,"(640, 1280)",819840,W8A8,8,8,0.00032821907499999995,0.008293138925,0.219691691925,0.9998242431,2910.9725,2733.5275,
down_blocks.2.resnets.0.conv_shortcut,Conv2d,"(1280, 640, 1, 1)",820480,W8A8,8,8,0.0003413667,0.00771082545,0.18763474375,0.99982390695,2910.9725,2773.395,
up_blocks.1.attentions.0.transformer_blocks.0.ff.net.2,Linear,"(1280, 5120)",6554880,W8A8,8,8,0.0003420213,0.01012974475,0.24302009492499999,0.9998143344,2910.9725,3449.47,
down_blocks.0.downsamplers.0.conv,Conv2d,"(320, 320, 3, 3)",921920,W8A8,8,8,0.00035970037500000003,0.008432671775000001,0.18967994862499998,0.999814862175,2910.9725,2721.0950000000003,
up_blocks.1.attentions.0.transformer_blocks.0.attn2.to_v,Linear,"(1280, 768)",983040,W8A8,8,8,0.000363389775,0.01333578025,0.188905883575,0.999781295425,2910.9725,3436.6525,
down_blocks.2.attentions.1.transformer_blocks.0.ff.net.0.proj,Linear,"(10240, 1280)",13117440,W8A8,8,8,0.000363658375,0.0071876325,0.182828482225,0.999812853875,2910.9725,2794.8125,
down_blocks.0.resnets.1.conv2,Conv2d,"(320, 320, 3, 3)",921920,W8A8,8,8,0.000369681875,0.007328996725,0.19488849490000001,0.99980845685,2910.9725,2722.9475,
down_blocks.2.attentions.1.transformer_blocks.0.attn1.to_out.0,Linear,"(1280, 1280)",1639680,W8A8,8,8,0.0003725273,0.0094363204,0.2303367611,0.99980693865,2910.9725,2772.61,
down_blocks.2.attentions.1.transformer_blocks.0.ff.net.2,Linear,"(1280, 5120)",6554880,W8A8,8,8,0.00038398465,0.00989421095,0.258153587575,0.999797131825,2910.9725,2763.7574999999997,
down_blocks.2.attentions.0.transformer_blocks.0.attn1.to_out.0,Linear,"(1280, 1280)",1639680,W8A8,8,8,0.00039422605000000003,0.007996633925,0.21885410509999997,0.999798733725,2910.9725,2749.7,
up_blocks.2.resnets.0.conv_shortcut,Conv2d,"(640, 1920, 1, 1)",1229440,W8A8,8,8,0.000396129825,0.0121844199,0.2930018157,0.999768131125,2910.9725,2733.5249999999996,
mid_block.attentions.0.transformer_blocks.0.attn2.to_v,Linear,"(1280, 768)",983040,W8A8,8,8,0.0004154755,0.01106812855,0.2490531132,0.9997762987250001,2910.9725,2810.225,
down_blocks.2.attentions.1.proj_out,Conv2d,"(1280, 1280, 1, 1)",1639680,W8A8,8,8,0.0004370175,0.0086929923,0.2715078071,0.999771161025,2910.9725,2756.9049999999997,
down_blocks.2.attentions.1.transformer_blocks.0.attn2.to_k,Linear,"(1280, 768)",983040,W8A8,8,8,0.000464349,0.010613759275,0.29753151535,0.99976062155,2910.9725,2761.2975,
up_blocks.1.attentions.1.transformer_blocks.0.attn2.to_v,Linear,"(1280, 768)",983040,W8A8,8,8,0.00055088005,0.016368221500000002,0.221944756775,0.99967662945,2910.9725,2723.15,
up_blocks.1.attentions.2.transformer_blocks.0.attn2.to_v,Linear,"(1280, 768)",983040,W8A8,8,8,0.00055408615,0.016434740475,0.3109043278,0.9996841766,2910.9725,3588.625,
up_blocks.1.resnets.2.conv1,Conv2d,"(1280, 1920, 3, 3)",22119680,W8A8,8,8,0.00063554955,0.015597370000000001,0.368600875175,0.99964299955,2910.9725,3588.2125,
up_blocks.1.attentions.1.transformer_blocks.0.ff.net.2,Linear,"(1280, 5120)",6554880,W8A8,8,8,0.000657338525,0.01731696445,0.22729390859999998,0.999540520975,2910.9725,2754.525,
down_blocks.2.attentions.1.transformer_blocks.0.attn2.to_v,Linear,"(1280, 768)",983040,W8A8,8,8,0.0006739596999999999,0.01660780145,0.279083915025,0.9995620636,2910.9725,2762.1775,
up_blocks.2.resnets.1.conv1,Conv2d,"(640, 1280, 3, 3)",7373440,W8A8,8,8,0.0009025646250000001,0.0163631517,0.236140429975,0.9994462212499999,2910.9725,2742.6775,
up_blocks.1.attentions.2.transformer_blocks.0.ff.net.2,Linear,"(1280, 5120)",6554880,W8A8,8,8,0.0009287585749999999,0.018853158449999997,0.31655588745,0.999308706,2910.9725,3477.9325,
down_blocks.1.attentions.1.transformer_blocks.0.attn2.to_v,Linear,"(640, 768)",491520,W8A8,8,8,0.0009555697,0.01299958735,0.28558169305,0.99950269705,2910.9725,2752.4725,
conv_in,Conv2d,"(320, 4, 3, 3)",11840,W8A8,8,8,0.0010267917250000001,0.015787623375,0.3304988444,0.99946186495,2910.9725,2722.4875,
down_blocks.2.attentions.0.transformer_blocks.0.attn2.to_v,Linear,"(1280, 768)",983040,W8A8,8,8,0.0015628398249999999,0.02107603545,0.47065761685,0.999191663525,2910.9725,2768.91,
down_blocks.2.attentions.0.proj_out,Conv2d,"(1280, 1280, 1, 1)",1639680,W8A8,8,8,0.00175287145,0.015605489725,0.456202507,0.999097688425,2910.9725,2770.7325,
down_blocks.2.resnets.0.conv1,Conv2d,"(1280, 640, 3, 3)",7374080,W8A8,8,8,0.001852244975,0.01429313065,0.37759548425,0.999051012875,2910.9725,2789.64,
conv_out,Conv2d,"(4, 320, 3, 3)",11524,W8A8,8,8,0.00208243965,0.035700082775,0.184784978625,0.998772091,2910.9725,2845.9575,
down_blocks.2.attentions.0.transformer_blocks.0.attn2.to_k,Linear,"(1280, 768)",983040,W8A8,8,8,0.0025174845500000004,0.0173365697,0.3987308815,0.998709449925,2910.9725,2765.96,
down_blocks.2.resnets.0.time_emb_proj,Linear,"(1280, 1280)",1639680,W8A8,8,8,0.003434238575,0.016684916525,0.423958733675,0.9982412525,2910.9725,2774.815,
down_blocks.2.attentions.1.transformer_blocks.0.attn2.to_out.0,Linear,"(1280, 1280)",1639680,W8A8,8,8,0.00500428185,0.021414457350000003,0.644164651625,0.997434538775,2910.9725,2771.24,
down_blocks.0.resnets.0.time_emb_proj,Linear,"(320, 1280)",409920,W8A8,8,8,0.00687851835,0.041207728425,1.15143672375,0.996422953,2910.9725,2724.8825,
down_blocks.2.attentions.0.transformer_blocks.0.ff.net.2,Linear,"(1280, 5120)",6554880,W8A8,8,8,0.0081090473,0.05174021425,1.38629134,0.9956373511500001,2910.9725,2774.09,
down_blocks.1.attentions.1.transformer_blocks.0.ff.net.2,Linear,"(640, 2560)",1639040,W8A8,8,8,0.01171222145,0.0527455178,2.1779806465,0.9935189283,2910.9725,2746.0025,
down_blocks.1.downsamplers.0.conv,Conv2d,"(640, 640, 3, 3)",3687040,W8A8,8,8,0.035968182875,0.078161895275,1.234800156225,0.981408591825,2910.9725,2730.8199999999997,
