layer,type,shape,params,mode,w_bits,a_bits,mse,mae,max_abs,cos,baseline_ms,layer_ms,peak_mem_MB
conv_in,Conv2d,"(320, 4, 3, 3)",11840,W4A8,4,8.0,0.00349605805,0.039981111875,0.86530828475,0.997937719575,2910.9725,2694.02,
conv_in,Conv2d,"(320, 4, 3, 3)",11840,W8A8,8,8.0,0.0010267917250000001,0.015787623375,0.3304988444,0.99946186495,2910.9725,2722.4875,
conv_out,Conv2d,"(4, 320, 3, 3)",11524,W4A8,4,8.0,0.021506233625000003,0.115425447,0.5382719785000001,0.987079868325,2910.9725,2821.42,
conv_out,Conv2d,"(4, 320, 3, 3)",11524,W8A8,8,8.0,0.00208243965,0.035700082775,0.184784978625,0.998772091,2910.9725,2845.9575,
down_blocks.0.attentions.0.proj_in,Conv2d,"(320, 320, 1, 1)",102720,W4A8,4,8.0,0.0029708357,0.029255727775,0.792603522525,0.998367750025,2910.9725,2692.725,
down_blocks.0.attentions.0.proj_in,Conv2d,"(320, 320, 1, 1)",102720,W8A8,8,8.0,2.8459975e-05,0.002861605,0.079883903275,0.999984367475,2910.9725,2700.6275,
down_blocks.0.attentions.0.proj_out,Conv2d,"(320, 320, 1, 1)",102720,W4A8,4,8.0,0.011499328525000001,0.039109744625000005,0.81484095005,0.9940564238,2910.9725,2737.54,
down_blocks.0.attentions.0.proj_out,Conv2d,"(320, 320, 1, 1)",102720,W8A8,8,8.0,1.3624575e-05,0.00229145745,0.0417255247,0.999992571775,2910.9725,2734.7625,
down_blocks.0.attentions.0.transformer_blocks.0.attn1.to_k,Linear,"(320, 320)",102400,W4A8,4,8.0,0.0004122613,0.0121061725,0.255356829625,0.9997477341500001,2910.9725,2704.8825,
down_blocks.0.attentions.0.transformer_blocks.0.attn1.to_k,Linear,"(320, 320)",102400,W8A8,8,8.0,1.4182249999999999e-06,0.000713104675,0.013251500225,0.999999212475,2910.9725,2695.49,
down_blocks.0.attentions.0.transformer_blocks.0.attn1.to_out.0,Linear,"(320, 320)",102720,W4A8,4,8.0,0.008956470075,0.0335357792,0.875430360425,0.995374739675,2910.9725,2729.715,
down_blocks.0.attentions.0.transformer_blocks.0.attn1.to_out.0,Linear,"(320, 320)",102720,W8A8,8,8.0,2.41508e-05,0.00230103245,0.055018686675,0.9999872066,2910.9725,2698.58,
down_blocks.0.attentions.0.transformer_blocks.0.attn1.to_q,Linear,"(320, 320)",102400,W4A8,4,8.0,0.00376114305,0.020948295475,0.5087143928,0.99805929085,2910.9725,2730.76,
down_blocks.0.attentions.0.transformer_blocks.0.attn1.to_q,Linear,"(320, 320)",102400,W8A8,8,8.0,1.4440250000000001e-06,0.000777899975,0.018930807725,0.9999991015,2910.9725,2700.765,
down_blocks.0.attentions.0.transformer_blocks.0.attn1.to_v,Linear,"(320, 320)",102400,W4A8,4,8.0,0.012749803675,0.0567202242,1.757649168375,0.993444573875,2910.9725,2695.505,
down_blocks.0.attentions.0.transformer_blocks.0.attn1.to_v,Linear,"(320, 320)",102400,W8A8,8,8.0,6.5965e-06,0.001699474875,0.02672210335,0.999996280175,2910.9725,2702.28,
down_blocks.0.attentions.0.transformer_blocks.0.attn2.to_k,Linear,"(320, 768)",245760,W4A8,4,8.0,0.0019102494499999999,0.01951159465,0.5888497569,0.998992970575,2910.9725,2723.1775,
down_blocks.0.attentions.0.transformer_blocks.0.attn2.to_k,Linear,"(320, 768)",245760,W8A8,8,8.0,0.0001901437,0.005296865925,0.108791199525,0.999902337975,2910.9725,2721.025,
down_blocks.0.attentions.0.transformer_blocks.0.attn2.to_out.0,Linear,"(320, 320)",102720,W4A8,4,8.0,0.011475301675,0.060607496675,1.729944631475,0.99355524715,2910.9725,2714.4700000000003,
down_blocks.0.attentions.0.transformer_blocks.0.attn2.to_out.0,Linear,"(320, 320)",102720,W8A8,8,8.0,1.9045175e-05,0.003255757075,0.033083997675,0.9999875987,2910.9725,2729.3825,
down_blocks.0.attentions.0.transformer_blocks.0.attn2.to_q,Linear,"(320, 320)",102400,W4A8,4,8.0,0.0018989739,0.016036051925,0.445453537625,0.999028116275,2910.9725,2726.3125,
down_blocks.0.attentions.0.transformer_blocks.0.attn2.to_q,Linear,"(320, 320)",102400,W8A8,8,8.0,1.44745e-06,0.000548735625,0.019576182600000002,0.9999992237499999,2910.9725,2707.6324999999997,
down_blocks.0.attentions.0.transformer_blocks.0.attn2.to_v,Linear,"(320, 768)",245760,W4A8,4,8.0,0.004419429525,0.040434041525,0.542837008825,0.9976874436250001,2910.9725,2696.5225,
down_blocks.0.attentions.0.transformer_blocks.0.attn2.to_v,Linear,"(320, 768)",245760,W8A8,8,8.0,0.009876275275,0.028226752025000003,0.725540675225,0.994947272025,2910.9725,2727.1724999999997,
down_blocks.0.attentions.0.transformer_blocks.0.ff.net.0.proj,Linear,"(2560, 320)",821760,W4A8,4,8.0,0.02894057145,0.09585734085,2.625561639675,0.983520087975,2910.9725,2720.165,
down_blocks.0.attentions.0.transformer_blocks.0.ff.net.0.proj,Linear,"(2560, 320)",821760,W8A8,8,8.0,0.0001263686,0.005591082575,0.122901499275,0.9999335718,2910.9725,2750.0375,
down_blocks.0.attentions.0.transformer_blocks.0.ff.net.2,Linear,"(320, 1280)",409920,W4A8,4,8.0,0.00038392315,0.014094820725,0.24618908765,0.99977025155,2910.9725,2758.525,
down_blocks.0.attentions.0.transformer_blocks.0.ff.net.2,Linear,"(320, 1280)",409920,W8A8,8,8.0,0.00015622895,0.0059480603,0.18736898899999999,0.99991698255,2910.9725,2738.6225,
down_blocks.0.attentions.1.proj_in,Conv2d,"(320, 320, 1, 1)",102720,W4A8,4,8.0,0.0008147224000000001,0.019056915075,0.323050804425,0.9995036195,2910.9725,2745.235,
down_blocks.0.attentions.1.proj_in,Conv2d,"(320, 320, 1, 1)",102720,W8A8,8,8.0,1.433345e-05,0.002499036325,0.04839811195,0.9999909954,2910.9725,2716.24,
down_blocks.0.attentions.1.proj_out,Conv2d,"(320, 320, 1, 1)",102720,W4A8,4,8.0,0.014741319275,0.056073112425,0.956518471225,0.992279517,2910.9725,2726.3925,
down_blocks.0.attentions.1.proj_out,Conv2d,"(320, 320, 1, 1)",102720,W8A8,8,8.0,2.5291374999999998e-05,0.0032537491,0.057578731325,0.9999852407750001,2910.9725,2748.59,
down_blocks.0.attentions.1.transformer_blocks.0.attn1.to_k,Linear,"(320, 320)",102400,W4A8,4,8.0,0.000228434675,0.009843526174999999,0.144734337925,0.999853962825,2910.9725,2721.1575000000003,
down_blocks.0.attentions.1.transformer_blocks.0.attn1.to_k,Linear,"(320, 320)",102400,W8A8,8,8.0,1.0743e-06,0.000642745375,0.01317204535,0.9999992869,2910.9725,2736.955,
down_blocks.0.attentions.1.transformer_blocks.0.attn1.to_out.0,Linear,"(320, 320)",102720,W4A8,4,8.0,0.028095523124999997,0.06475206975,0.8940486908,0.985484453225,2910.9725,2747.14,
down_blocks.0.attentions.1.transformer_blocks.0.attn1.to_out.0,Linear,"(320, 320)",102720,W8A8,8,8.0,8.321075e-06,0.001836592575,0.035298213349999996,0.999995067875,2910.9725,2727.88,
down_blocks.0.attentions.1.transformer_blocks.0.attn1.to_q,Linear,"(320, 320)",102400,W4A8,4,8.0,0.000152714825,0.007760622775,0.122278891525,0.9998995176750001,2910.9725,2738.6825,
down_blocks.0.attentions.1.transformer_blocks.0.attn1.to_q,Linear,"(320, 320)",102400,W8A8,8,8.0,4.6431000000000005e-06,0.00100986115,0.0227567535,0.9999975128,2910.9725,2716.53,
down_blocks.0.attentions.1.transformer_blocks.0.attn1.to_v,Linear,"(320, 320)",102400,W4A8,4,8.0,0.00118162145,0.02405806025,0.394912876175,0.9992887941,2910.9725,2762.0675,
down_blocks.0.attentions.1.transformer_blocks.0.attn1.to_v,Linear,"(320, 320)",102400,W8A8,8,8.0,4.8211249999999995e-06,0.0013531989249999999,0.0246415585,0.999997351025,2910.9725,2718.215,
down_blocks.0.attentions.1.transformer_blocks.0.attn2.to_k,Linear,"(320, 768)",245760,W4A8,4,8.0,0.00203199,0.018532046825000002,0.45897527785,0.99893356625,2910.9725,2732.1325,
down_blocks.0.attentions.1.transformer_blocks.0.attn2.to_k,Linear,"(320, 768)",245760,W8A8,8,8.0,7.69205e-06,0.001232990525,0.024398863325000002,0.9999959817,2910.9725,2737.3,
down_blocks.0.attentions.1.transformer_blocks.0.attn2.to_out.0,Linear,"(320, 320)",102720,W4A8,4,8.0,0.0027582881,0.02762644665,0.46708482505000004,0.99856377975,2910.9725,2759.065,
down_blocks.0.attentions.1.transformer_blocks.0.attn2.to_out.0,Linear,"(320, 320)",102720,W8A8,8,8.0,0.00016565155,0.0044142198,0.10882647475,0.99991508785,2910.9725,2745.245,
down_blocks.0.attentions.1.transformer_blocks.0.attn2.to_q,Linear,"(320, 320)",102400,W4A8,4,8.0,0.000110161,0.0066021874999999995,0.1308349371,0.9999334755,2910.9725,2747.6875,
down_blocks.0.attentions.1.transformer_blocks.0.attn2.to_q,Linear,"(320, 320)",102400,W8A8,8,8.0,6.7733e-06,0.0012880228,0.026479784399999998,0.9999963483000001,2910.9725,2755.4025,
down_blocks.0.attentions.1.transformer_blocks.0.attn2.to_v,Linear,"(320, 768)",245760,W4A8,4,8.0,0.004112958075,0.038970255725,0.945856988425,0.997643918175,2910.9725,2734.4900000000002,
down_blocks.0.attentions.1.transformer_blocks.0.attn2.to_v,Linear,"(320, 768)",245760,W8A8,8,8.0,0.0001600858,0.005848481925,0.141350939875,0.999916548775,2910.9725,2729.4775,
down_blocks.0.attentions.1.transformer_blocks.0.ff.net.0.proj,Linear,"(2560, 320)",821760,W4A8,4,8.0,0.00217967875,0.032147414525,0.5727237314,0.998729684625,2910.9725,2740.5575,
down_blocks.0.attentions.1.transformer_blocks.0.ff.net.0.proj,Linear,"(2560, 320)",821760,W8A8,8,8.0,1.0094975e-05,0.00199333375,0.042735235775,0.999993903,2910.9725,2739.5025,
down_blocks.0.attentions.1.transformer_blocks.0.ff.net.2,Linear,"(320, 1280)",409920,W4A8,4,8.0,0.00610890315,0.028570481825,0.7478933185250001,0.9968589989250001,2910.9725,2725.8325,
down_blocks.0.attentions.1.transformer_blocks.0.ff.net.2,Linear,"(320, 1280)",409920,W8A8,8,8.0,0.000119368625,0.0061252662999999995,0.10322841999999999,0.99993591045,2910.9725,2737.7349999999997,
down_blocks.0.downsamplers.0.conv,Conv2d,"(320, 320, 3, 3)",921920,W4A8,4,8.0,0.00967672255,0.0445964602,1.4840614274250001,0.994860338375,2910.9725,2733.71,
down_blocks.0.downsamplers.0.conv,Conv2d,"(320, 320, 3, 3)",921920,W8A8,8,8.0,0.00035970037500000003,0.008432671775000001,0.18967994862499998,0.999814862175,2910.9725,2721.0950000000003,
down_blocks.0.resnets.0.conv1,Conv2d,"(320, 320, 3, 3)",921920,W4A8,4,8.0,0.004077980725,0.028986317575,1.267026782025,0.997796035,2910.9725,2734.7375,
down_blocks.0.resnets.0.conv1,Conv2d,"(320, 320, 3, 3)",921920,W8A8,8,8.0,0.000236705225,0.008498748175,0.1510271728,0.999874230175,2910.9725,2708.98,
down_blocks.0.resnets.0.conv2,Conv2d,"(320, 320, 3, 3)",921920,W4A8,4,8.0,0.025202426724999998,0.06864769665,1.033363945775,0.98662322455,2910.9725,2742.745,
down_blocks.0.resnets.0.conv2,Conv2d,"(320, 320, 3, 3)",921920,W8A8,8,8.0,0.00029236875000000003,0.01022060575,0.19644293935,0.999834474775,2910.9725,2712.54,
down_blocks.0.resnets.0.time_emb_proj,Linear,"(320, 1280)",409920,W4A8,4,8.0,0.138874662125,0.24447307735,3.57928207515,0.92490317555,2910.9725,2733.825,
down_blocks.0.resnets.0.time_emb_proj,Linear,"(320, 1280)",409920,W8A8,8,8.0,0.00687851835,0.041207728425,1.15143672375,0.996422953,2910.9725,2724.8825,
down_blocks.0.resnets.1.conv1,Conv2d,"(320, 320, 3, 3)",921920,W4A8,4,8.0,0.001649676075,0.0255224961,0.49237284065,0.998926815875,2910.9725,2730.1275,
down_blocks.0.resnets.1.conv1,Conv2d,"(320, 320, 3, 3)",921920,W8A8,8,8.0,2.1108300000000003e-05,0.002855786975,0.06031027995,0.999987412425,2910.9725,2744.7725,
down_blocks.0.resnets.1.conv2,Conv2d,"(320, 320, 3, 3)",921920,W4A8,4,8.0,0.037207914875000005,0.09708310475,1.415453903375,0.980303777425,2910.9725,2724.9775,
down_blocks.0.resnets.1.conv2,Conv2d,"(320, 320, 3, 3)",921920,W8A8,8,8.0,0.000369681875,0.007328996725,0.19488849490000001,0.99980845685,2910.9725,2722.9475,
down_blocks.0.resnets.1.time_emb_proj,Linear,"(320, 1280)",409920,W4A8,4,8.0,0.00203629435,0.022205959775,0.534019000825,0.99893413575,2910.9725,2724.5425,
down_blocks.0.resnets.1.time_emb_proj,Linear,"(320, 1280)",409920,W8A8,8,8.0,2.7059925e-05,0.002416159725,0.054135411975,0.999985564075,2910.9725,2734.35,
down_blocks.1.attentions.0.proj_in,Conv2d,"(640, 640, 1, 1)",410240,W4A8,4,8.0,0.00044376195,0.0115260994,0.3694090955,0.999744420725,2910.9725,2730.2174999999997,
down_blocks.1.attentions.0.proj_in,Conv2d,"(640, 640, 1, 1)",410240,W8A8,8,8.0,2.5614125e-05,0.003138429875,0.07009592,0.99998495575,2910.9725,2732.2125,
down_blocks.1.attentions.0.proj_out,Conv2d,"(640, 640, 1, 1)",410240,W4A8,4,8.0,0.0007802211,0.015757462925,0.34712237865,0.999570428225,2910.9725,2731.6075,
down_blocks.1.attentions.0.proj_out,Conv2d,"(640, 640, 1, 1)",410240,W8A8,8,8.0,8.985425e-06,0.001649491275,0.0469372198,0.999994946675,2910.9725,2710.74,
down_blocks.1.attentions.0.transformer_blocks.0.attn1.to_k,Linear,"(640, 640)",409600,W4A8,4,8.0,0.0007677068999999999,0.012390482725,0.226855471725,0.99959730335,2910.9725,2753.105,
down_blocks.1.attentions.0.transformer_blocks.0.attn1.to_k,Linear,"(640, 640)",409600,W8A8,8,8.0,1.11255e-06,0.0005982535249999999,0.01377060075,0.999999391025,2910.9725,2752.1075,
down_blocks.1.attentions.0.transformer_blocks.0.attn1.to_out.0,Linear,"(640, 640)",410240,W4A8,4,8.0,0.002090323175,0.024412197750000003,0.540513463325,0.998901117025,2910.9725,2740.54,
down_blocks.1.attentions.0.transformer_blocks.0.attn1.to_out.0,Linear,"(640, 640)",410240,W8A8,8,8.0,1.4890025e-05,0.001940015275,0.054683201024999996,0.9999916182499999,2910.9725,2727.515,
down_blocks.1.attentions.0.transformer_blocks.0.attn1.to_q,Linear,"(640, 640)",409600,W4A8,4,8.0,0.000129744675,0.005904151575,0.137873928975,0.9999311031,2910.9725,2846.4475,
down_blocks.1.attentions.0.transformer_blocks.0.attn1.to_q,Linear,"(640, 640)",409600,W8A8,8,8.0,5.138875e-06,0.000858494825,0.0221594963,0.999997354975,2910.9725,2922.6125,
down_blocks.1.attentions.0.transformer_blocks.0.attn1.to_v,Linear,"(640, 640)",409600,W4A8,4,8.0,0.00126336075,0.0233100974,0.4142843634,0.9992583382,2910.9725,2736.26,
down_blocks.1.attentions.0.transformer_blocks.0.attn1.to_v,Linear,"(640, 640)",409600,W8A8,8,8.0,1.795335e-05,0.001872502575,0.047317495575,0.99999057465,2910.9725,2742.6800000000003,
down_blocks.1.attentions.0.transformer_blocks.0.attn2.to_k,Linear,"(640, 768)",491520,W4A8,4,8.0,0.001904985425,0.0187828664,0.4556441419,0.9990224158,2910.9725,2756.1,
down_blocks.1.attentions.0.transformer_blocks.0.attn2.to_k,Linear,"(640, 768)",491520,W8A8,8,8.0,1.0257075e-05,0.002123820175,0.038140775625,0.9999938816,2910.9725,2756.08,
down_blocks.1.attentions.0.transformer_blocks.0.attn2.to_out.0,Linear,"(640, 640)",410240,W4A8,4,8.0,0.007769965075,0.054132500675,1.4978752583250001,0.995333371175,2910.9725,2732.7525,
down_blocks.1.attentions.0.transformer_blocks.0.attn2.to_out.0,Linear,"(640, 640)",410240,W8A8,8,8.0,0.000138375025,0.00561217835,0.12315778155,0.9999264722,2910.9725,2742.86,
down_blocks.1.attentions.0.transformer_blocks.0.attn2.to_q,Linear,"(640, 640)",409600,W4A8,4,8.0,0.00393550035,0.01838309015,0.475957192475,0.997985791125,2910.9725,2847.6549999999997,
down_blocks.1.attentions.0.transformer_blocks.0.attn2.to_q,Linear,"(640, 640)",409600,W8A8,8,8.0,2.622575e-06,0.0006528096000000001,0.019911667350000002,0.99999864045,2910.9725,2744.2425,
down_blocks.1.attentions.0.transformer_blocks.0.attn2.to_v,Linear,"(640, 768)",491520,W4A8,4,8.0,0.001737636025,0.02948192365,0.43206808715,0.998956405375,2910.9725,2725.475,
down_blocks.1.attentions.0.transformer_blocks.0.attn2.to_v,Linear,"(640, 768)",491520,W8A8,8,8.0,0.000127205375,0.007147611125,0.14934369922500002,0.9999261164,2910.9725,2753.9325,
down_blocks.1.attentions.0.transformer_blocks.0.ff.net.0.proj,Linear,"(5120, 640)",3281920,W4A8,4,8.0,0.006782205875,0.047711079475,0.922241047025,0.9964424083250001,2910.9725,2752.385,
down_blocks.1.attentions.0.transformer_blocks.0.ff.net.0.proj,Linear,"(5120, 640)",3281920,W8A8,8,8.0,1.5031099999999999e-05,0.002404615725,0.043715741475,0.99999135665,2910.9725,2733.42,
down_blocks.1.attentions.0.transformer_blocks.0.ff.net.2,Linear,"(640, 2560)",1639040,W4A8,4,8.0,0.0014455105,0.022984072575,0.5256675221,0.99916881395,2910.9725,2721.79,
down_blocks.1.attentions.0.transformer_blocks.0.ff.net.2,Linear,"(640, 2560)",1639040,W8A8,8,8.0,0.000150185725,0.0069041529,0.23111632467499998,0.9999140513,2910.9725,2735.31,
down_blocks.1.attentions.1.proj_in,Conv2d,"(640, 640, 1, 1)",410240,W4A8,4,8.0,0.001473841825,0.02003550435,0.41107721627500005,0.9992169077749999,2910.9725,2732.3925,
down_blocks.1.attentions.1.proj_in,Conv2d,"(640, 640, 1, 1)",410240,W8A8,8,8.0,0.00011706142499999999,0.0054303336249999995,0.120467197125,0.9999383804249999,2910.9725,2735.545,
down_blocks.1.attentions.1.proj_out,Conv2d,"(640, 640, 1, 1)",410240,W4A8,4,8.0,0.0186889926,0.06249496525,1.18922415375,0.9902635773999999,2910.9725,2732.9875,
down_blocks.1.attentions.1.proj_out,Conv2d,"(640, 640, 1, 1)",410240,W8A8,8,8.0,0.035339231325000005,0.084498955425,1.3587950617,0.9815450254,2910.9725,2743.38,
down_blocks.1.attentions.1.transformer_blocks.0.attn1.to_k,Linear,"(640, 640)",409600,W4A8,4,8.0,0.000296007875,0.0085890604,0.218201203275,0.9998429067,2910.9725,2738.49,
down_blocks.1.attentions.1.transformer_blocks.0.attn1.to_k,Linear,"(640, 640)",409600,W8A8,8,8.0,1.83605e-06,0.000643624425,0.015126301925,0.999999017225,2910.9725,2722.865,
down_blocks.1.attentions.1.transformer_blocks.0.attn1.to_out.0,Linear,"(640, 640)",410240,W4A8,4,8.0,0.011205701425,0.0600054469,1.658578693875,0.993847596425,2910.9725,2757.0175,
down_blocks.1.attentions.1.transformer_blocks.0.attn1.to_out.0,Linear,"(640, 640)",410240,W8A8,8,8.0,3.1673575e-05,0.003149753425,0.06028382575,0.999982435525,2910.9725,2765.5950000000003,
down_blocks.1.attentions.1.transformer_blocks.0.attn1.to_q,Linear,"(640, 640)",409600,W4A8,4,8.0,4.5203050000000004e-05,0.00434711755,0.07742681355,0.999972597675,2910.9725,2737.995,
down_blocks.1.attentions.1.transformer_blocks.0.attn1.to_q,Linear,"(640, 640)",409600,W8A8,8,8.0,1.187625e-06,0.00055408065,0.012475201875000001,0.99999937085,2910.9725,2728.365,
down_blocks.1.attentions.1.transformer_blocks.0.attn1.to_v,Linear,"(640, 640)",409600,W4A8,4,8.0,0.00085361715,0.0173912628,0.34559644759999997,0.999531824175,2910.9725,2730.4425,
down_blocks.1.attentions.1.transformer_blocks.0.attn1.to_v,Linear,"(640, 640)",409600,W8A8,8,8.0,2.280325e-05,0.0018677297499999999,0.047367073600000004,0.999988248475,2910.9725,2737.085,
down_blocks.1.attentions.1.transformer_blocks.0.attn2.to_k,Linear,"(640, 768)",491520,W4A8,4,8.0,0.000493900225,0.01141491745,0.255230126875,0.999739388675,2910.9725,2765.9475,
down_blocks.1.attentions.1.transformer_blocks.0.attn2.to_k,Linear,"(640, 768)",491520,W8A8,8,8.0,2.0284874999999998e-05,0.0024272386,0.051414420825,0.9999887670000001,2910.9725,2752.4175,
down_blocks.1.attentions.1.transformer_blocks.0.attn2.to_out.0,Linear,"(640, 640)",410240,W4A8,4,8.0,0.002270286425,0.027901497650000003,0.52063582835,0.99877920235,2910.9725,2730.7025,
down_blocks.1.attentions.1.transformer_blocks.0.attn2.to_out.0,Linear,"(640, 640)",410240,W8A8,8,8.0,0.000111511925,0.0040797768,0.11438272892500001,0.9999427376750001,2910.9725,2743.34,
down_blocks.1.attentions.1.transformer_blocks.0.attn2.to_q,Linear,"(640, 640)",409600,W4A8,4,8.0,0.00017774795000000002,0.0077833539,0.1510989331,0.99990011935,2910.9725,2730.3675000000003,
down_blocks.1.attentions.1.transformer_blocks.0.attn2.to_q,Linear,"(640, 640)",409600,W8A8,8,8.0,8.487e-07,0.000581775975,0.011249497525,0.9999994955,2910.9725,2752.1575000000003,
down_blocks.1.attentions.1.transformer_blocks.0.attn2.to_v,Linear,"(640, 768)",491520,W4A8,4,8.0,0.002237778275,0.03078807565,0.7059762924999999,0.9986817733,2910.9725,2741.6625,
down_blocks.1.attentions.1.transformer_blocks.0.attn2.to_v,Linear,"(640, 768)",491520,W8A8,8,8.0,0.0009555697,0.01299958735,0.28558169305,0.99950269705,2910.9725,2752.4725,
down_blocks.1.attentions.1.transformer_blocks.0.ff.net.0.proj,Linear,"(5120, 640)",3281920,W4A8,4,8.0,0.055691248275,0.12302616705000001,2.0997841507249997,0.969791897075,2910.9725,2737.64,
down_blocks.1.attentions.1.transformer_blocks.0.ff.net.0.proj,Linear,"(5120, 640)",3281920,W8A8,8,8.0,0.000177752575,0.007547719175,0.147350024425,0.9999029671749999,2910.9725,2728.21,
down_blocks.1.attentions.1.transformer_blocks.0.ff.net.2,Linear,"(640, 2560)",1639040,W4A8,4,8.0,0.0229115113,0.07262296045,1.930949896575,0.98764035245,2910.9725,2753.395,
down_blocks.1.attentions.1.transformer_blocks.0.ff.net.2,Linear,"(640, 2560)",1639040,W8A8,8,8.0,0.01171222145,0.0527455178,2.1779806465,0.9935189283,2910.9725,2746.0025,
down_blocks.1.downsamplers.0.conv,Conv2d,"(640, 640, 3, 3)",3687040,W4A8,4,8.0,0.040436616825,0.088419966375,1.4820931181499999,0.978776474075,2910.9725,2729.925,
down_blocks.1.downsamplers.0.conv,Conv2d,"(640, 640, 3, 3)",3687040,W8A8,8,8.0,0.035968182875,0.078161895275,1.234800156225,0.981408591825,2910.9725,2730.8199999999997,
down_blocks.1.resnets.0.conv1,Conv2d,"(640, 320, 3, 3)",1843840,W4A8,4,8.0,0.0019980409249999997,0.0254569794,0.4049540013,0.998900081425,2910.9725,2760.045,
down_blocks.1.resnets.0.conv1,Conv2d,"(640, 320, 3, 3)",1843840,W8A8,8,8.0,7.34825e-05,0.0037057145,0.095764301725,0.9999618439,2910.9725,2732.1875,
down_blocks.1.resnets.0.conv2,Conv2d,"(640, 640, 3, 3)",3687040,W4A8,4,8.0,0.002628200025,0.0299563124,0.706506341675,0.998538331,2910.9725,2718.8925,
down_blocks.1.resnets.0.conv2,Conv2d,"(640, 640, 3, 3)",3687040,W8A8,8,8.0,2.6116225e-05,0.0028752078,0.075245969,0.999985061775,2910.9725,2736.4300000000003,
down_blocks.1.resnets.0.conv_shortcut,Conv2d,"(640, 320, 1, 1)",205440,W4A8,4,8.0,0.002196005125,0.028927171124999998,0.5541117862,0.998768349325,2910.9725,2709.375,
down_blocks.1.resnets.0.conv_shortcut,Conv2d,"(640, 320, 1, 1)",205440,W8A8,8,8.0,0.000124323725,0.005104286475,0.1291747801,0.9999344652,2910.9725,2731.1825,
down_blocks.1.resnets.0.time_emb_proj,Linear,"(640, 1280)",819840,W4A8,4,8.0,0.128223392875,0.182571384125,3.30429552495,0.9325762864,2910.9725,2742.7975,
down_blocks.1.resnets.0.time_emb_proj,Linear,"(640, 1280)",819840,W8A8,8,8.0,0.00032821907499999995,0.008293138925,0.219691691925,0.9998242431,2910.9725,2733.5275,
down_blocks.1.resnets.1.conv1,Conv2d,"(640, 640, 3, 3)",3687040,W4A8,4,8.0,0.0097239279,0.0371532836,0.9226430654250001,0.99494349,2910.9725,2733.5825,
down_blocks.1.resnets.1.conv1,Conv2d,"(640, 640, 3, 3)",3687040,W8A8,8,8.0,7.38431e-05,0.00396316395,0.09671190195,0.9999612394,2910.9725,2722.56,
down_blocks.1.resnets.1.conv2,Conv2d,"(640, 640, 3, 3)",3687040,W4A8,4,8.0,0.006427573275,0.045170005400000005,0.880167961125,0.996607104725,2910.9725,2720.95,
down_blocks.1.resnets.1.conv2,Conv2d,"(640, 640, 3, 3)",3687040,W8A8,8,8.0,2.12957e-05,0.002505339025,0.070725742725,0.99998811925,2910.9725,2757.6625,
down_blocks.1.resnets.1.time_emb_proj,Linear,"(640, 1280)",819840,W4A8,4,8.0,0.003044310075,0.023819717575,0.57599115,0.998394673725,2910.9725,2730.48,
down_blocks.1.resnets.1.time_emb_proj,Linear,"(640, 1280)",819840,W8A8,8,8.0,2.358125e-06,0.000990228025,0.0149651156,0.999998402775,2910.9725,2730.4175,
down_blocks.2.attentions.0.proj_in,Conv2d,"(1280, 1280, 1, 1)",1639680,W4A8,4,8.0,0.0150332347,0.040909353875,0.898737296475,0.9922454879,2910.9725,2742.85,
down_blocks.2.attentions.0.proj_in,Conv2d,"(1280, 1280, 1, 1)",1639680,W8A8,8,8.0,0.000131944675,0.006012788099999999,0.172859632425,0.999928527775,2910.9725,2730.81,
down_blocks.2.attentions.0.proj_out,Conv2d,"(1280, 1280, 1, 1)",1639680,W4A8,4,8.0,0.004344524025,0.032820523475,0.6528271176,0.997769153425,2910.9725,2764.4325,
down_blocks.2.attentions.0.proj_out,Conv2d,"(1280, 1280, 1, 1)",1639680,W8A8,8,8.0,0.00175287145,0.015605489725,0.456202507,0.999097688425,2910.9725,2770.7325,
down_blocks.2.attentions.0.transformer_blocks.0.attn1.to_k,Linear,"(1280, 1280)",1638400,W4A8,4,8.0,0.00029870315,0.0082398451,0.193252872675,0.999844225825,2910.9725,2748.2,
down_blocks.2.attentions.0.transformer_blocks.0.attn1.to_k,Linear,"(1280, 1280)",1638400,W8A8,8,8.0,7.57825e-07,0.00046731945,0.00953206795,0.999999595,2910.9725,2745.89,
down_blocks.2.attentions.0.transformer_blocks.0.attn1.to_out.0,Linear,"(1280, 1280)",1639680,W4A8,4,8.0,0.004772733825,0.0429862435,0.831449091425,0.9972891853,2910.9725,2738.36,
down_blocks.2.attentions.0.transformer_blocks.0.attn1.to_out.0,Linear,"(1280, 1280)",1639680,W8A8,8,8.0,0.00039422605000000003,0.007996633925,0.21885410509999997,0.999798733725,2910.9725,2749.7,
down_blocks.2.attentions.0.transformer_blocks.0.attn1.to_q,Linear,"(1280, 1280)",1638400,W4A8,4,8.0,0.000896212775,0.011830679975000001,0.2763628699,0.99954564265,2910.9725,2727.94,
down_blocks.2.attentions.0.transformer_blocks.0.attn1.to_q,Linear,"(1280, 1280)",1638400,W8A8,8,8.0,1.51685e-06,0.000594550025,0.01469576175,0.99999919475,2910.9725,2721.3025,
down_blocks.2.attentions.0.transformer_blocks.0.attn1.to_v,Linear,"(1280, 1280)",1638400,W4A8,4,8.0,0.004879019375,0.038094336400000005,1.052416428925,0.997347059475,2910.9725,2761.3875,
down_blocks.2.attentions.0.transformer_blocks.0.attn1.to_v,Linear,"(1280, 1280)",1638400,W8A8,8,8.0,7.3844e-06,0.0014329176,0.0320635289,0.999996071975,2910.9725,2758.55,
down_blocks.2.attentions.0.transformer_blocks.0.attn2.to_k,Linear,"(1280, 768)",983040,W4A8,4,8.0,0.016111090575,0.04769822115,0.895160630375,0.991665987,2910.9725,2779.4175,
down_blocks.2.attentions.0.transformer_blocks.0.attn2.to_k,Linear,"(1280, 768)",983040,W8A8,8,8.0,0.0025174845500000004,0.0173365697,0.3987308815,0.998709449925,2910.9725,2765.96,
down_blocks.2.attentions.0.transformer_blocks.0.attn2.to_out.0,Linear,"(1280, 1280)",1639680,W4A8,4,8.0,0.01728496015,0.076636593775,1.761524066325,0.9904528299,2910.9725,2809.9425,
down_blocks.2.attentions.0.transformer_blocks.0.attn2.to_out.0,Linear,"(1280, 1280)",1639680,W8A8,8,8.0,4.885385e-05,0.003562189025,0.101458996525,0.9999737219,2910.9725,2761.8475,
down_blocks.2.attentions.0.transformer_blocks.0.attn2.to_q,Linear,"(1280, 1280)",1638400,W4A8,4,8.0,0.000443845175,0.0093556958,0.208681643,0.999768441825,2910.9725,2745.5375,
down_blocks.2.attentions.0.transformer_blocks.0.attn2.to_q,Linear,"(1280, 1280)",1638400,W8A8,8,8.0,7.64615e-06,0.001062991775,0.029523421075,0.9999960809,2910.9725,2761.45,
down_blocks.2.attentions.0.transformer_blocks.0.attn2.to_v,Linear,"(1280, 768)",983040,W4A8,4,8.0,0.014470222875,0.06985945907499999,1.3578798175,0.992571577025,2910.9725,2824.8325,
down_blocks.2.attentions.0.transformer_blocks.0.attn2.to_v,Linear,"(1280, 768)",983040,W8A8,8,8.0,0.0015628398249999999,0.02107603545,0.47065761685,0.999191663525,2910.9725,2768.91,
down_blocks.2.attentions.0.transformer_blocks.0.ff.net.0.proj,Linear,"(10240, 1280)",13117440,W4A8,4,8.0,0.006974102325,0.04332670385,0.7968894094,0.99626765165,2910.9725,2785.3424999999997,
down_blocks.2.attentions.0.transformer_blocks.0.ff.net.0.proj,Linear,"(10240, 1280)",13117440,W8A8,8,8.0,0.00014820045000000002,0.005845188649999999,0.13162950335,0.9999232906,2910.9725,2805.655,
down_blocks.2.attentions.0.transformer_blocks.0.ff.net.2,Linear,"(1280, 5120)",6554880,W4A8,4,8.0,0.01630277115,0.0739588067,2.13712206485,0.990337929575,2910.9725,2789.1925,
down_blocks.2.attentions.0.transformer_blocks.0.ff.net.2,Linear,"(1280, 5120)",6554880,W8A8,8,8.0,0.0081090473,0.05174021425,1.38629134,0.9956373511500001,2910.9725,2774.09,
down_blocks.2.attentions.1.proj_in,Conv2d,"(1280, 1280, 1, 1)",1639680,W4A8,4,8.0,0.00585077865,0.035594346225000004,0.869474153975,0.996993594475,2910.9725,2769.3824999999997,
down_blocks.2.attentions.1.proj_in,Conv2d,"(1280, 1280, 1, 1)",1639680,W8A8,8,8.0,0.000234349075,0.008809481875,0.174456294625,0.99986977925,2910.9725,2785.96,
down_blocks.2.attentions.1.proj_out,Conv2d,"(1280, 1280, 1, 1)",1639680,W4A8,4,8.0,0.002131078475,0.02484263365,0.43996233495000003,0.99886356295,2910.9725,2755.9975,
down_blocks.2.attentions.1.proj_out,Conv2d,"(1280, 1280, 1, 1)",1639680,W8A8,8,8.0,0.0004370175,0.0086929923,0.2715078071,0.999771161025,2910.9725,2756.9049999999997,
down_blocks.2.attentions.1.transformer_blocks.0.attn1.to_k,Linear,"(1280, 1280)",1638400,W4A8,4,8.0,0.000945575675,0.0129407131,0.387502111475,0.9995156385999999,2910.9725,2754.995,
down_blocks.2.attentions.1.transformer_blocks.0.attn1.to_k,Linear,"(1280, 1280)",1638400,W8A8,8,8.0,1.1612775e-05,0.001334972825,0.028592208425,0.999994004975,2910.9725,2781.8225,
down_blocks.2.attentions.1.transformer_blocks.0.attn1.to_out.0,Linear,"(1280, 1280)",1639680,W4A8,4,8.0,0.06811577015,0.1288356269,1.6674164608,0.96457324915,2910.9725,2761.735,
down_blocks.2.attentions.1.transformer_blocks.0.attn1.to_out.0,Linear,"(1280, 1280)",1639680,W8A8,8,8.0,0.0003725273,0.0094363204,0.2303367611,0.99980693865,2910.9725,2772.61,
down_blocks.2.attentions.1.transformer_blocks.0.attn1.to_q,Linear,"(1280, 1280)",1638400,W4A8,4,8.0,0.0015452722,0.01652092975,0.369314439575,0.9992122299,2910.9725,2770.5924999999997,
down_blocks.2.attentions.1.transformer_blocks.0.attn1.to_q,Linear,"(1280, 1280)",1638400,W8A8,8,8.0,3.4612e-06,0.0008732734,0.02788614295,0.999998174325,2910.9725,2780.8725,
down_blocks.2.attentions.1.transformer_blocks.0.attn1.to_v,Linear,"(1280, 1280)",1638400,W4A8,4,8.0,0.0029813662750000003,0.0268451916,0.502941310425,0.9983908233250001,2910.9725,2783.5699999999997,
down_blocks.2.attentions.1.transformer_blocks.0.attn1.to_v,Linear,"(1280, 1280)",1638400,W8A8,8,8.0,6.00686e-05,0.00287327705,0.077741716075,0.99996926815,2910.9725,2768.0825,
down_blocks.2.attentions.1.transformer_blocks.0.attn2.to_k,Linear,"(1280, 768)",983040,W4A8,4,8.0,0.002161197225,0.02864375385,0.41495513915,0.9987058451249999,2910.9725,2761.7225,
down_blocks.2.attentions.1.transformer_blocks.0.attn2.to_k,Linear,"(1280, 768)",983040,W8A8,8,8.0,0.000464349,0.010613759275,0.29753151535,0.99976062155,2910.9725,2761.2975,
down_blocks.2.attentions.1.transformer_blocks.0.attn2.to_out.0,Linear,"(1280, 1280)",1639680,W4A8,4,8.0,0.070955404975,0.146380978625,3.054096430575,0.960786228725,2910.9725,2759.025,
down_blocks.2.attentions.1.transformer_blocks.0.attn2.to_out.0,Linear,"(1280, 1280)",1639680,W8A8,8,8.0,0.00500428185,0.021414457350000003,0.644164651625,0.997434538775,2910.9725,2771.24,
down_blocks.2.attentions.1.transformer_blocks.0.attn2.to_q,Linear,"(1280, 1280)",1638400,W4A8,4,8.0,0.000518952325,0.01067836245,0.384195962925,0.999725313125,2910.9725,2759.6725,
down_blocks.2.attentions.1.transformer_blocks.0.attn2.to_q,Linear,"(1280, 1280)",1638400,W8A8,8,8.0,3.6371124999999996e-05,0.00236163385,0.0675195083,0.9999812594,2910.9725,2758.3475,
down_blocks.2.attentions.1.transformer_blocks.0.attn2.to_v,Linear,"(1280, 768)",983040,W4A8,4,8.0,0.006614336225,0.0520062372,0.991490364075,0.99546541185,2910.9725,2751.4475,
down_blocks.2.attentions.1.transformer_blocks.0.attn2.to_v,Linear,"(1280, 768)",983040,W8A8,8,8.0,0.0006739596999999999,0.01660780145,0.279083915025,0.9995620636,2910.9725,2762.1775,
down_blocks.2.attentions.1.transformer_blocks.0.ff.net.0.proj,Linear,"(10240, 1280)",13117440,W4A8,4,8.0,0.016463201375,0.06216065865,1.9001447335,0.9912482656,2910.9725,2795.245,
down_blocks.2.attentions.1.transformer_blocks.0.ff.net.0.proj,Linear,"(10240, 1280)",13117440,W8A8,8,8.0,0.000363658375,0.0071876325,0.182828482225,0.999812853875,2910.9725,2794.8125,
down_blocks.2.attentions.1.transformer_blocks.0.ff.net.2,Linear,"(1280, 5120)",6554880,W4A8,4,8.0,0.0320172729,0.095851669075,3.0595512390249997,0.981486706475,2910.9725,2756.835,
down_blocks.2.attentions.1.transformer_blocks.0.ff.net.2,Linear,"(1280, 5120)",6554880,W8A8,8,8.0,0.00038398465,0.00989421095,0.258153587575,0.999797131825,2910.9725,2763.7574999999997,
down_blocks.2.downsamplers.0.conv,Conv2d,"(1280, 1280, 3, 3)",14746880,W4A8,4,8.0,0.00065972305,0.01466697175,0.344691714275,0.999613671925,2910.9725,2775.355,
down_blocks.2.downsamplers.0.conv,Conv2d,"(1280, 1280, 3, 3)",14746880,W8A8,8,8.0,0.0002075223,0.007936537725,0.173986047525,0.999886296375,2910.9725,2758.6225,
down_blocks.2.resnets.0.conv1,Conv2d,"(1280, 640, 3, 3)",7374080,W4A8,4,8.0,0.017438540325,0.08038278574999999,1.69906650485,0.99055775405,2910.9725,2797.9575,
down_blocks.2.resnets.0.conv1,Conv2d,"(1280, 640, 3, 3)",7374080,W8A8,8,8.0,0.001852244975,0.01429313065,0.37759548425,0.999051012875,2910.9725,2789.64,
down_blocks.2.resnets.0.conv2,Conv2d,"(1280, 1280, 3, 3)",14746880,W4A8,4,8.0,0.000877352,0.01584062655,0.47216312590000004,0.99950915,2910.9725,2791.465,
down_blocks.2.resnets.0.conv2,Conv2d,"(1280, 1280, 3, 3)",14746880,W8A8,8,8.0,0.000286067975,0.0075781296,0.2071135789,0.99985245125,2910.9725,2787.14,
down_blocks.2.resnets.0.conv_shortcut,Conv2d,"(1280, 640, 1, 1)",820480,W4A8,4,8.0,0.00106243575,0.020005386075,0.410653539025,0.999396275925,2910.9725,2750.87,
down_blocks.2.resnets.0.conv_shortcut,Conv2d,"(1280, 640, 1, 1)",820480,W8A8,8,8.0,0.0003413667,0.00771082545,0.18763474375,0.99982390695,2910.9725,2773.395,
down_blocks.2.resnets.0.time_emb_proj,Linear,"(1280, 1280)",1639680,W4A8,4,8.0,0.133348519,0.19152522832500002,3.31278140845,0.929913373425,2910.9725,2796.465,
down_blocks.2.resnets.0.time_emb_proj,Linear,"(1280, 1280)",1639680,W8A8,8,8.0,0.003434238575,0.016684916525,0.423958733675,0.9982412525,2910.9725,2774.815,
down_blocks.2.resnets.1.conv1,Conv2d,"(1280, 1280, 3, 3)",14746880,W4A8,4,8.0,0.010983146325,0.05139499625,1.18109081685,0.9942297838,2910.9725,2774.83,
down_blocks.2.resnets.1.conv1,Conv2d,"(1280, 1280, 3, 3)",14746880,W8A8,8,8.0,4.7989100000000004e-05,0.003507183275,0.08315631,0.999975014125,2910.9725,2776.5225,
down_blocks.2.resnets.1.conv2,Conv2d,"(1280, 1280, 3, 3)",14746880,W4A8,4,8.0,0.0034480459999999998,0.029112960425,0.564639940875,0.998272135275,2910.9725,2786.85,
down_blocks.2.resnets.1.conv2,Conv2d,"(1280, 1280, 3, 3)",14746880,W8A8,8,8.0,0.000176621125,0.005008204675,0.1374719888,0.9999092169,2910.9725,2775.4875,
down_blocks.2.resnets.1.time_emb_proj,Linear,"(1280, 1280)",1639680,W4A8,4,8.0,0.002860810775,0.033282968675,0.45184575767499996,0.998380396775,2910.9725,2758.2,
down_blocks.2.resnets.1.time_emb_proj,Linear,"(1280, 1280)",1639680,W8A8,8,8.0,2.987295e-05,0.00191341655,0.057509727775,0.99998473575,2910.9725,2751.445,
down_blocks.3.resnets.0.conv1,Conv2d,"(1280, 1280, 3, 3)",14746880,W4A8,4,8.0,0.001595952875,0.01969184585,0.49828573314999997,0.999161604925,2910.9725,2766.4375,
down_blocks.3.resnets.0.conv1,Conv2d,"(1280, 1280, 3, 3)",14746880,W8A8,8,8.0,0.00015312785,0.00439796175,0.100052418175,0.999922215075,2910.9725,2761.0,
down_blocks.3.resnets.0.conv2,Conv2d,"(1280, 1280, 3, 3)",14746880,W4A8,4,8.0,0.000502533,0.012618781075,0.2771877572,0.9997275129000001,2910.9725,2767.135,
down_blocks.3.resnets.0.conv2,Conv2d,"(1280, 1280, 3, 3)",14746880,W8A8,8,8.0,0.000192634775,0.00487757215,0.11018657685,0.999901239525,2910.9725,2771.2375,
down_blocks.3.resnets.0.time_emb_proj,Linear,"(1280, 1280)",1639680,W4A8,4,8.0,0.000241335575,0.0082504364,0.17846821435,0.999870952325,2910.9725,2738.8450000000003,
down_blocks.3.resnets.0.time_emb_proj,Linear,"(1280, 1280)",1639680,W8A8,8,8.0,2.114225e-06,0.0005614937000000001,0.016353329175,0.9999989065,2910.9725,2753.6175000000003,
down_blocks.3.resnets.1.conv1,Conv2d,"(1280, 1280, 3, 3)",14746880,W4A8,4,8.0,0.0021070119,0.020025765275,0.5534045026,0.99893104805,2910.9725,2777.7625,
down_blocks.3.resnets.1.conv1,Conv2d,"(1280, 1280, 3, 3)",14746880,W8A8,8,8.0,3.2915e-05,0.0022819396,0.061348699025,0.999983180125,2910.9725,2800.41,
down_blocks.3.resnets.1.conv2,Conv2d,"(1280, 1280, 3, 3)",14746880,W4A8,4,8.0,0.000191333275,0.00813691005,0.14442434904999998,0.999888034575,2910.9725,2781.3,
down_blocks.3.resnets.1.conv2,Conv2d,"(1280, 1280, 3, 3)",14746880,W8A8,8,8.0,1.970665e-05,0.00207481105,0.0400147289,0.999989588125,2910.9725,2760.7475,
down_blocks.3.resnets.1.time_emb_proj,Linear,"(1280, 1280)",1639680,W4A8,4,8.0,5.65004e-05,0.002907840125,0.06405049377500001,0.9999708469749999,2910.9725,2748.985,
down_blocks.3.resnets.1.time_emb_proj,Linear,"(1280, 1280)",1639680,W8A8,8,8.0,3.297e-07,0.00025637595000000004,0.005864527075000001,0.999999821725,2910.9725,2762.9075000000003,
mid_block.attentions.0.proj_in,Conv2d,"(1280, 1280, 1, 1)",1639680,W4A8,4,8.0,0.00031559474999999997,0.01027274995,0.263813912875,0.999829305525,2910.9725,2796.4474999999998,
mid_block.attentions.0.proj_in,Conv2d,"(1280, 1280, 1, 1)",1639680,W8A8,8,8.0,3.1169125e-05,0.003135581025,0.08172331005,0.9999814792,2910.9725,2784.39,
mid_block.attentions.0.proj_out,Conv2d,"(1280, 1280, 1, 1)",1639680,W4A8,4,8.0,0.0009108097250000001,0.013247277125,0.362381964925,0.99952749705,2910.9725,2805.5125,
mid_block.attentions.0.proj_out,Conv2d,"(1280, 1280, 1, 1)",1639680,W8A8,8,8.0,5.780525e-06,0.001384619825,0.026896467875,0.999996761825,2910.9725,2790.1549999999997,
mid_block.attentions.0.transformer_blocks.0.attn1.to_k,Linear,"(1280, 1280)",1638400,W4A8,4,8.0,4.6840775e-05,0.0032959364,0.0802361816,0.9999751366,2910.9725,2796.13,
mid_block.attentions.0.transformer_blocks.0.attn1.to_k,Linear,"(1280, 1280)",1638400,W8A8,8,8.0,1.78975e-07,0.000218516575,0.0071391724,0.9999999047,2910.9725,2847.585,
mid_block.attentions.0.transformer_blocks.0.attn1.to_out.0,Linear,"(1280, 1280)",1639680,W4A8,4,8.0,0.007429207675,0.042100576699999996,0.9019964486250001,0.995974784625,2910.9725,2816.965,
mid_block.attentions.0.transformer_blocks.0.attn1.to_out.0,Linear,"(1280, 1280)",1639680,W8A8,8,8.0,5.687432500000001e-05,0.0035270278,0.08502364345,0.999969738975,2910.9725,2785.335,
mid_block.attentions.0.transformer_blocks.0.attn1.to_q,Linear,"(1280, 1280)",1638400,W4A8,4,8.0,0.000177794675,0.0050754655,0.127542592625,0.999909637425,2910.9725,2802.555,
mid_block.attentions.0.transformer_blocks.0.attn1.to_q,Linear,"(1280, 1280)",1638400,W8A8,8,8.0,6.348499999999999e-07,0.00038084877500000003,0.006432373050000001,0.9999996703,2910.9725,2808.6125,
mid_block.attentions.0.transformer_blocks.0.attn1.to_v,Linear,"(1280, 1280)",1638400,W4A8,4,8.0,0.000451759575,0.011058952649999999,0.19704224355,0.99975203295,2910.9725,2784.6925,
mid_block.attentions.0.transformer_blocks.0.attn1.to_v,Linear,"(1280, 1280)",1638400,W8A8,8,8.0,1.566525e-06,0.000727179925,0.01560872795,0.99999910955,2910.9725,2801.385,
mid_block.attentions.0.transformer_blocks.0.attn2.to_k,Linear,"(1280, 768)",983040,W4A8,4,8.0,0.02860466405,0.064372803075,1.0561776012,0.98515050755,2910.9725,2848.565,
mid_block.attentions.0.transformer_blocks.0.attn2.to_k,Linear,"(1280, 768)",983040,W8A8,8,8.0,2.8016525e-05,0.003035466225,0.05844813865,0.999984839575,2910.9725,2804.0725,
mid_block.attentions.0.transformer_blocks.0.attn2.to_out.0,Linear,"(1280, 1280)",1639680,W4A8,4,8.0,0.04254187665,0.107161249025,1.6937600522999998,0.977376799175,2910.9725,2814.9175,
mid_block.attentions.0.transformer_blocks.0.attn2.to_out.0,Linear,"(1280, 1280)",1639680,W8A8,8,8.0,0.0001132609,0.00621706935,0.11934473365,0.99993374325,2910.9725,2836.26,
mid_block.attentions.0.transformer_blocks.0.attn2.to_q,Linear,"(1280, 1280)",1638400,W4A8,4,8.0,0.00029676895000000004,0.006589482775,0.19645872339999998,0.99984709225,2910.9725,2785.17,
mid_block.attentions.0.transformer_blocks.0.attn2.to_q,Linear,"(1280, 1280)",1638400,W8A8,8,8.0,2.128725e-06,0.000647819225,0.014789495625,0.9999989061750001,2910.9725,2787.4275,
mid_block.attentions.0.transformer_blocks.0.attn2.to_v,Linear,"(1280, 768)",983040,W4A8,4,8.0,0.00396566085,0.0363016431,0.85490226,0.99766105455,2910.9725,2811.0375,
mid_block.attentions.0.transformer_blocks.0.attn2.to_v,Linear,"(1280, 768)",983040,W8A8,8,8.0,0.0004154755,0.01106812855,0.2490531132,0.9997762987250001,2910.9725,2810.225,
mid_block.attentions.0.transformer_blocks.0.ff.net.0.proj,Linear,"(10240, 1280)",13117440,W4A8,4,8.0,0.006817549825,0.04129796105,1.399551182975,0.99625430615,2910.9725,2828.2575,
mid_block.attentions.0.transformer_blocks.0.ff.net.0.proj,Linear,"(10240, 1280)",13117440,W8A8,8,8.0,1.5141725e-05,0.002250455225,0.057301417,0.9999915666,2910.9725,2831.36,
mid_block.attentions.0.transformer_blocks.0.ff.net.2,Linear,"(1280, 5120)",6554880,W4A8,4,8.0,0.0027682065249999997,0.023590662025,0.9266745448,0.9985126066,2910.9725,2809.755,
mid_block.attentions.0.transformer_blocks.0.ff.net.2,Linear,"(1280, 5120)",6554880,W8A8,8,8.0,0.000136058425,0.006072027325,0.1493211277,0.9999276221,2910.9725,2802.8475,
mid_block.resnets.0.conv1,Conv2d,"(1280, 1280, 3, 3)",14746880,W4A8,4,8.0,0.004480045425,0.0265912274,0.6660615802000001,0.9976746072,2910.9725,2853.3125,
mid_block.resnets.0.conv1,Conv2d,"(1280, 1280, 3, 3)",14746880,W8A8,8,8.0,1.7954149999999998e-05,0.001835580925,0.044347006825,0.999990739975,2910.9725,2848.9625,
mid_block.resnets.0.conv2,Conv2d,"(1280, 1280, 3, 3)",14746880,W4A8,4,8.0,0.00046865312499999996,0.011795712175,0.230681248025,0.9997396344,2910.9725,2820.305,
mid_block.resnets.0.conv2,Conv2d,"(1280, 1280, 3, 3)",14746880,W8A8,8,8.0,7.6620875e-05,0.002960795925,0.09295471385000001,0.9999607493,2910.9725,2802.1975,
mid_block.resnets.0.time_emb_proj,Linear,"(1280, 1280)",1639680,W4A8,4,8.0,0.00011700770000000001,0.00563930805,0.121918138125,0.999938884425,2910.9725,2800.5950000000003,
mid_block.resnets.0.time_emb_proj,Linear,"(1280, 1280)",1639680,W8A8,8,8.0,3.897e-07,0.00031665957500000004,0.0078853704,0.999999797125,2910.9725,2787.9975,
mid_block.resnets.1.conv1,Conv2d,"(1280, 1280, 3, 3)",14746880,W4A8,4,8.0,0.009279063625,0.029809140825,0.792776051925,0.99525271995,2910.9725,2840.8,
mid_block.resnets.1.conv1,Conv2d,"(1280, 1280, 3, 3)",14746880,W8A8,8,8.0,5.22786e-05,0.003031363975,0.07310536502500001,0.999972877825,2910.9725,2829.9525000000003,
mid_block.resnets.1.conv2,Conv2d,"(1280, 1280, 3, 3)",14746880,W4A8,4,8.0,0.0007861147499999999,0.012643402449999999,0.337590649725,0.9995716675999999,2910.9725,2862.27,
mid_block.resnets.1.conv2,Conv2d,"(1280, 1280, 3, 3)",14746880,W8A8,8,8.0,1.13321e-05,0.001593424375,0.040586791925,0.99999413605,2910.9725,2845.255,
mid_block.resnets.1.time_emb_proj,Linear,"(1280, 1280)",1639680,W4A8,4,8.0,1.2386875e-05,0.00200695875,0.0429078769,0.999992983775,2910.9725,2841.635,
mid_block.resnets.1.time_emb_proj,Linear,"(1280, 1280)",1639680,W8A8,8,8.0,2.81275e-07,0.0002440309,0.00649858265,0.999999851875,2910.9725,2806.795,
time_embedding.linear_1,Linear,"(1280, 320)",410880,W4A8,4,8.0,0.00535143115,0.04798789555,0.60405163465,0.9972171989249999,2910.9725,2693.775,
time_embedding.linear_1,Linear,"(1280, 320)",410880,W8A8,8,8.0,2.9562250000000002e-06,0.00102645795,0.01799268275,0.9999984654,2910.9725,2702.215,
time_embedding.linear_2,Linear,"(1280, 1280)",1639680,W4A8,4,8.0,0.213735710825,0.310505308225,4.52494728565,0.89306037525,2910.9725,2702.4675,
time_embedding.linear_2,Linear,"(1280, 1280)",1639680,W8A8,8,8.0,2.277505e-05,0.003467798425,0.048426084225,0.9999866945,2910.9725,2689.98,
up_blocks.0.resnets.0.conv1,Conv2d,"(1280, 2560, 3, 3)",29492480,W4A8,4,8.0,0.0093721109,0.037463959075,0.8761064410249999,0.99516995165,2910.9725,2813.5625,
up_blocks.0.resnets.0.conv1,Conv2d,"(1280, 2560, 3, 3)",29492480,W8A8,8,8.0,6.723025e-06,0.00155862015,0.032487843175,0.9999961512,2910.9725,2803.585,
up_blocks.0.resnets.0.conv2,Conv2d,"(1280, 1280, 3, 3)",14746880,W4A8,4,8.0,0.001363692775,0.0181230401,0.40741674229999997,0.999288265525,2910.9725,2813.5474999999997,
up_blocks.0.resnets.0.conv2,Conv2d,"(1280, 1280, 3, 3)",14746880,W8A8,8,8.0,1.7045525e-05,0.002168735575,0.045713450775,0.9999908781,2910.9725,2782.2575,
up_blocks.0.resnets.0.conv_shortcut,Conv2d,"(1280, 2560, 1, 1)",3278080,W4A8,4,8.0,0.001081243475,0.016131181725,0.457059763375,0.999424968525,2910.9725,2770.435,
up_blocks.0.resnets.0.conv_shortcut,Conv2d,"(1280, 2560, 1, 1)",3278080,W8A8,8,8.0,4.334325e-06,0.00124977255,0.025726370525,0.999997573775,2910.9725,2743.1475,
up_blocks.0.resnets.0.time_emb_proj,Linear,"(1280, 1280)",1639680,W4A8,4,8.0,8.246775e-06,0.001557599175,0.033045856275,0.99999557455,2910.9725,2756.3625,
up_blocks.0.resnets.0.time_emb_proj,Linear,"(1280, 1280)",1639680,W8A8,8,8.0,5.108e-07,0.0002700143,0.0082880035,0.9999997389749999,2910.9725,2751.4875,
up_blocks.0.resnets.1.conv1,Conv2d,"(1280, 2560, 3, 3)",29492480,W4A8,4,8.0,0.001114715825,0.01894265065,0.416380461325,0.99938237835,2910.9725,2796.585,
up_blocks.0.resnets.1.conv1,Conv2d,"(1280, 2560, 3, 3)",29492480,W8A8,8,8.0,2.25254e-05,0.002227889075,0.04730505125,0.999988253675,2910.9725,2805.74,
up_blocks.0.resnets.1.conv2,Conv2d,"(1280, 1280, 3, 3)",14746880,W4A8,4,8.0,0.0006959419499999999,0.014789593275,0.3799155131,0.9996280657000001,2910.9725,2784.3075,
up_blocks.0.resnets.1.conv2,Conv2d,"(1280, 1280, 3, 3)",14746880,W8A8,8,8.0,1.1548e-05,0.00181062665,0.034198457375,0.999994022075,2910.9725,2765.7325,
up_blocks.0.resnets.1.conv_shortcut,Conv2d,"(1280, 2560, 1, 1)",3278080,W4A8,4,8.0,0.000285989475,0.008994688525,0.19966919905,0.9998495586,2910.9725,2744.0925,
up_blocks.0.resnets.1.conv_shortcut,Conv2d,"(1280, 2560, 1, 1)",3278080,W8A8,8,8.0,1.622275e-06,0.000727278475,0.016261875624999998,0.99999910805,2910.9725,2765.15,
up_blocks.0.resnets.1.time_emb_proj,Linear,"(1280, 1280)",1639680,W4A8,4,8.0,6.734389999999999e-05,0.00414561455,0.108871221525,0.99996415295,2910.9725,2736.8375,
up_blocks.0.resnets.1.time_emb_proj,Linear,"(1280, 1280)",1639680,W8A8,8,8.0,3.254e-07,0.000280101475,0.00617775415,0.999999827125,2910.9725,2766.25,
up_blocks.0.resnets.2.conv1,Conv2d,"(1280, 2560, 3, 3)",29492480,W4A8,4,8.0,0.001245625825,0.020755999225000002,0.4825450927,0.999317535025,2910.9725,3319.26,
up_blocks.0.resnets.2.conv1,Conv2d,"(1280, 2560, 3, 3)",29492480,W8A8,8,8.0,1.8452575e-05,0.002434741525,0.0505828317,0.99998972335,2910.9725,2821.0975,
up_blocks.0.resnets.2.conv2,Conv2d,"(1280, 1280, 3, 3)",14746880,W4A8,4,8.0,0.00042007015,0.01217805265,0.260638207225,0.999756651525,2910.9725,3623.2599999999998,
up_blocks.0.resnets.2.conv2,Conv2d,"(1280, 1280, 3, 3)",14746880,W8A8,8,8.0,1.4521e-05,0.0019739126999999998,0.059384696175,0.99999226035,2910.9725,3653.7200000000003,
up_blocks.0.resnets.2.conv_shortcut,Conv2d,"(1280, 2560, 1, 1)",3278080,W4A8,4,8.0,0.000153577,0.0070867123,0.16203552485,0.9999186020749999,2910.9725,3682.7400000000002,
up_blocks.0.resnets.2.conv_shortcut,Conv2d,"(1280, 2560, 1, 1)",3278080,W8A8,8,8.0,1.52795e-06,0.00071758775,0.014942795049999999,0.999999158375,2910.9725,3585.6850000000004,
up_blocks.0.resnets.2.time_emb_proj,Linear,"(1280, 1280)",1639680,W4A8,4,8.0,1.2384525e-05,0.0022237321,0.039556354275,0.9999925165,2910.9725,3564.945,
up_blocks.0.resnets.2.time_emb_proj,Linear,"(1280, 1280)",1639680,W8A8,8,8.0,3.4824999999999996e-08,0.000117188775,0.002339959125,0.9999999797,2910.9725,3362.105,
up_blocks.0.upsamplers.0.conv,Conv2d,"(1280, 1280, 3, 3)",14746880,W4A8,4,8.0,0.000578733525,0.011913773025,0.4001893103,0.999682890625,2910.9725,3612.6275,
up_blocks.0.upsamplers.0.conv,Conv2d,"(1280, 1280, 3, 3)",14746880,W8A8,8,8.0,7.017325e-06,0.001298050275,0.04354313015,0.9999961953000001,2910.9725,3687.9575000000004,
up_blocks.1.attentions.0.proj_in,Conv2d,"(1280, 1280, 1, 1)",1639680,W4A8,4,8.0,0.0011115596250000001,0.019805187374999998,0.48459657282499996,0.999364764425,2910.9725,3620.025,
up_blocks.1.attentions.0.proj_in,Conv2d,"(1280, 1280, 1, 1)",1639680,W8A8,8,8.0,4.6241075000000005e-05,0.00409037175,0.090229625825,0.99997404905,2910.9725,3232.3575,
up_blocks.1.attentions.0.proj_out,Conv2d,"(1280, 1280, 1, 1)",1639680,W4A8,4,8.0,0.00050443395,0.015781045425,0.221849188175,0.999703963075,2910.9725,2714.9375,
up_blocks.1.attentions.0.proj_out,Conv2d,"(1280, 1280, 1, 1)",1639680,W8A8,8,8.0,9.170225e-06,0.001891863225,0.04274226725,0.999994795525,2910.9725,2750.3625,
up_blocks.1.attentions.0.transformer_blocks.0.attn1.to_k,Linear,"(1280, 1280)",1638400,W4A8,4,8.0,0.0011548654999999999,0.017769674525,0.59664643555,0.999366375425,2910.9725,3477.1175000000003,
up_blocks.1.attentions.0.transformer_blocks.0.attn1.to_k,Linear,"(1280, 1280)",1638400,W8A8,8,8.0,4.5580749999999996e-06,0.00113274475,0.028969332575,0.99999752285,2910.9725,3207.7999999999997,
up_blocks.1.attentions.0.transformer_blocks.0.attn1.to_out.0,Linear,"(1280, 1280)",1639680,W4A8,4,8.0,0.0055458367,0.052927534075,0.7146537750749999,0.996715442775,2910.9725,3459.7675,
up_blocks.1.attentions.0.transformer_blocks.0.attn1.to_out.0,Linear,"(1280, 1280)",1639680,W8A8,8,8.0,4.3404999999999995e-05,0.003953317475,0.072145542125,0.999975927425,2910.9725,3487.605,
up_blocks.1.attentions.0.transformer_blocks.0.attn1.to_q,Linear,"(1280, 1280)",1638400,W4A8,4,8.0,0.000455866125,0.01265276165,0.27595470102499997,0.9997469443,2910.9725,2769.635,
up_blocks.1.attentions.0.transformer_blocks.0.attn1.to_q,Linear,"(1280, 1280)",1638400,W8A8,8,8.0,3.482925e-06,0.0010352851,0.027613498275,0.999998062925,2910.9725,2841.1800000000003,
up_blocks.1.attentions.0.transformer_blocks.0.attn1.to_v,Linear,"(1280, 1280)",1638400,W4A8,4,8.0,0.002636366375,0.030682323499999997,0.71831683815,0.998557258925,2910.9725,3471.4024999999997,
up_blocks.1.attentions.0.transformer_blocks.0.attn1.to_v,Linear,"(1280, 1280)",1638400,W8A8,8,8.0,7.5699e-06,0.001696569475,0.036656096575,0.99999557155,2910.9725,3505.4125,
up_blocks.1.attentions.0.transformer_blocks.0.attn2.to_k,Linear,"(1280, 768)",983040,W4A8,4,8.0,0.000971829325,0.02068789025,0.41591966152500004,0.9993836996000001,2910.9725,3456.915,
up_blocks.1.attentions.0.transformer_blocks.0.attn2.to_k,Linear,"(1280, 768)",983040,W8A8,8,8.0,4.38984e-05,0.0038254492499999997,0.08034632355,0.999975395775,2910.9725,3475.9075,
up_blocks.1.attentions.0.transformer_blocks.0.attn2.to_out.0,Linear,"(1280, 1280)",1639680,W4A8,4,8.0,0.01322962715,0.079742614175,1.207039296625,0.992034281925,2910.9725,3432.9325,
up_blocks.1.attentions.0.transformer_blocks.0.attn2.to_out.0,Linear,"(1280, 1280)",1639680,W8A8,8,8.0,0.000111362775,0.006271139324999999,0.118109596925,0.9999368682,2910.9725,3444.39,
up_blocks.1.attentions.0.transformer_blocks.0.attn2.to_q,Linear,"(1280, 1280)",1638400,W4A8,4,8.0,0.000131218975,0.0072426639,0.15620649235,0.999919067575,2910.9725,3469.0724999999998,
up_blocks.1.attentions.0.transformer_blocks.0.attn2.to_q,Linear,"(1280, 1280)",1638400,W8A8,8,8.0,8.2695e-07,0.000553254625,0.01201936045,0.999999537775,2910.9725,3476.3824999999997,
up_blocks.1.attentions.0.transformer_blocks.0.attn2.to_v,Linear,"(1280, 768)",983040,W4A8,4,8.0,0.012136854925000001,0.0778903831,1.236798912275,0.992673817275,2910.9725,3428.455,
up_blocks.1.attentions.0.transformer_blocks.0.attn2.to_v,Linear,"(1280, 768)",983040,W8A8,8,8.0,0.000363389775,0.01333578025,0.188905883575,0.999781295425,2910.9725,3436.6525,
up_blocks.1.attentions.0.transformer_blocks.0.ff.net.0.proj,Linear,"(10240, 1280)",13117440,W4A8,4,8.0,0.0042759226,0.040364163025,1.124467209,0.997527216175,2910.9725,3451.1450000000004,
up_blocks.1.attentions.0.transformer_blocks.0.ff.net.0.proj,Linear,"(10240, 1280)",13117440,W8A8,8,8.0,7.3835625e-05,0.003783475275,0.1262729913,0.999961488675,2910.9725,3461.875,
up_blocks.1.attentions.0.transformer_blocks.0.ff.net.2,Linear,"(1280, 5120)",6554880,W4A8,4,8.0,0.004134409175,0.037249014725,1.1140040085,0.997665678975,2910.9725,2796.33,
up_blocks.1.attentions.0.transformer_blocks.0.ff.net.2,Linear,"(1280, 5120)",6554880,W8A8,8,8.0,0.0003420213,0.01012974475,0.24302009492499999,0.9998143344,2910.9725,3449.47,
up_blocks.1.attentions.1.proj_in,Conv2d,"(1280, 1280, 1, 1)",1639680,W4A8,4,8.0,0.00061217935,0.016941673825,0.259968820975,0.99964290605,2910.9725,2734.2525,
up_blocks.1.attentions.1.proj_in,Conv2d,"(1280, 1280, 1, 1)",1639680,W8A8,8,8.0,6.881205000000001e-05,0.0045737971,0.128076970575,0.9999598278,2910.9725,2753.7,
up_blocks.1.attentions.1.proj_out,Conv2d,"(1280, 1280, 1, 1)",1639680,W4A8,4,8.0,0.00058111695,0.01511843595,0.351588893675,0.999661964,2910.9725,3452.8925,
up_blocks.1.attentions.1.proj_out,Conv2d,"(1280, 1280, 1, 1)",1639680,W8A8,8,8.0,8.516475e-06,0.001852027275,0.03872323315,0.999994840825,2910.9725,2755.205,
up_blocks.1.attentions.1.transformer_blocks.0.attn1.to_k,Linear,"(1280, 1280)",1638400,W4A8,4,8.0,0.00045709945,0.011734036599999999,0.274423129875,0.999750412025,2910.9725,2703.275,
up_blocks.1.attentions.1.transformer_blocks.0.attn1.to_k,Linear,"(1280, 1280)",1638400,W8A8,8,8.0,3.0243749999999997e-06,0.00080800215,0.027606435125,0.99999839285,2910.9725,2706.8450000000003,
up_blocks.1.attentions.1.transformer_blocks.0.attn1.to_out.0,Linear,"(1280, 1280)",1639680,W4A8,4,8.0,0.0086805762,0.060096681125,1.35150407255,0.9950060397,2910.9725,2742.3925,
up_blocks.1.attentions.1.transformer_blocks.0.attn1.to_out.0,Linear,"(1280, 1280)",1639680,W8A8,8,8.0,2.7586125000000002e-05,0.003569199175,0.06697509997500001,0.999983703975,2910.9725,2715.01,
up_blocks.1.attentions.1.transformer_blocks.0.attn1.to_q,Linear,"(1280, 1280)",1638400,W4A8,4,8.0,0.000249454225,0.00801267195,0.23493251205000001,0.99986640725,2910.9725,2726.3975,
up_blocks.1.attentions.1.transformer_blocks.0.attn1.to_q,Linear,"(1280, 1280)",1638400,W8A8,8,8.0,1.1968e-06,0.00059130955,0.01363212615,0.999999324175,2910.9725,2686.95,
up_blocks.1.attentions.1.transformer_blocks.0.attn1.to_v,Linear,"(1280, 1280)",1638400,W4A8,4,8.0,0.00054796295,0.0154009934,0.30663475395,0.999682536725,2910.9725,2738.92,
up_blocks.1.attentions.1.transformer_blocks.0.attn1.to_v,Linear,"(1280, 1280)",1638400,W8A8,8,8.0,2.8056e-06,0.001152051275,0.01828056015,0.9999983761,2910.9725,2752.2,
up_blocks.1.attentions.1.transformer_blocks.0.attn2.to_k,Linear,"(1280, 768)",983040,W4A8,4,8.0,0.000436197375,0.01038053155,0.32808289305,0.9997684939,2910.9725,2732.675,
up_blocks.1.attentions.1.transformer_blocks.0.attn2.to_k,Linear,"(1280, 768)",983040,W8A8,8,8.0,9.096625e-05,0.0041068176,0.1623294428,0.999951549725,2910.9725,2747.06,
up_blocks.1.attentions.1.transformer_blocks.0.attn2.to_out.0,Linear,"(1280, 1280)",1639680,W4A8,4,8.0,0.02321430075,0.080177173,1.852357745175,0.9873589425,2910.9725,2740.03,
up_blocks.1.attentions.1.transformer_blocks.0.attn2.to_out.0,Linear,"(1280, 1280)",1639680,W8A8,8,8.0,0.000166069275,0.0062889845,0.18988762425,0.99991067995,2910.9725,2719.94,
up_blocks.1.attentions.1.transformer_blocks.0.attn2.to_q,Linear,"(1280, 1280)",1638400,W4A8,4,8.0,0.000121463175,0.0059482891,0.1655467078,0.999929791925,2910.9725,2735.07,
up_blocks.1.attentions.1.transformer_blocks.0.attn2.to_q,Linear,"(1280, 1280)",1638400,W8A8,8,8.0,1.49405e-06,0.000531126775,0.023781694475,0.9999991998,2910.9725,2737.145,
up_blocks.1.attentions.1.transformer_blocks.0.attn2.to_v,Linear,"(1280, 768)",983040,W4A8,4,8.0,0.0102119092,0.072991224025,1.139082282775,0.9938531886,2910.9725,2732.005,
up_blocks.1.attentions.1.transformer_blocks.0.attn2.to_v,Linear,"(1280, 768)",983040,W8A8,8,8.0,0.00055088005,0.016368221500000002,0.221944756775,0.99967662945,2910.9725,2723.15,
up_blocks.1.attentions.1.transformer_blocks.0.ff.net.0.proj,Linear,"(10240, 1280)",13117440,W4A8,4,8.0,0.004780810775,0.0459065465,0.756174743175,0.997159408,2910.9725,2765.8125,
up_blocks.1.attentions.1.transformer_blocks.0.ff.net.0.proj,Linear,"(10240, 1280)",13117440,W8A8,8,8.0,3.9397825e-05,0.003438501675,0.10630159827499999,0.999976978225,2910.9725,2762.17,
up_blocks.1.attentions.1.transformer_blocks.0.ff.net.2,Linear,"(1280, 5120)",6554880,W4A8,4,8.0,0.007828909775,0.058136813324999995,1.0689103901500001,0.995438528275,2910.9725,2752.35,
up_blocks.1.attentions.1.transformer_blocks.0.ff.net.2,Linear,"(1280, 5120)",6554880,W8A8,8,8.0,0.000657338525,0.01731696445,0.22729390859999998,0.999540520975,2910.9725,2754.525,
up_blocks.1.attentions.2.proj_in,Conv2d,"(1280, 1280, 1, 1)",1639680,W4A8,4,8.0,0.001160909525,0.0225448841,0.5220338255,0.9992994527,2910.9725,3523.7925,
up_blocks.1.attentions.2.proj_in,Conv2d,"(1280, 1280, 1, 1)",1639680,W8A8,8,8.0,0.0001150046,0.006879092975,0.18525573237499998,0.9999292765,2910.9725,3616.8925,
up_blocks.1.attentions.2.proj_out,Conv2d,"(1280, 1280, 1, 1)",1639680,W4A8,4,8.0,0.0006386852,0.0167633586,0.370103321975,0.99962046515,2910.9725,3494.9950000000003,
up_blocks.1.attentions.2.proj_out,Conv2d,"(1280, 1280, 1, 1)",1639680,W8A8,8,8.0,2.8221175e-05,0.003316567525,0.070442538725,0.9999827294,2910.9725,3511.6099999999997,
up_blocks.1.attentions.2.transformer_blocks.0.attn1.to_k,Linear,"(1280, 1280)",1638400,W4A8,4,8.0,0.000136682975,0.0075001159,0.137920152375,0.9999221217500001,2910.9725,3572.8375,
up_blocks.1.attentions.2.transformer_blocks.0.attn1.to_k,Linear,"(1280, 1280)",1638400,W8A8,8,8.0,1.0237e-06,0.00061504395,0.015591532,0.999999434275,2910.9725,3497.255,
up_blocks.1.attentions.2.transformer_blocks.0.attn1.to_out.0,Linear,"(1280, 1280)",1639680,W4A8,4,8.0,0.04352063265,0.1466987096,2.8442288041,0.97530917745,2910.9725,3531.7225,
up_blocks.1.attentions.2.transformer_blocks.0.attn1.to_out.0,Linear,"(1280, 1280)",1639680,W8A8,8,8.0,0.00012062425,0.0076813672,0.13154015315,0.9999293273500001,2910.9725,3515.5649999999996,
up_blocks.1.attentions.2.transformer_blocks.0.attn1.to_q,Linear,"(1280, 1280)",1638400,W4A8,4,8.0,0.00015325795,0.008011419175,0.149731498225,0.99991878125,2910.9725,3519.8725,
up_blocks.1.attentions.2.transformer_blocks.0.attn1.to_q,Linear,"(1280, 1280)",1638400,W8A8,8,8.0,9.5585e-07,0.000614433575,0.013976827249999999,0.9999994696,2910.9725,3511.465,
up_blocks.1.attentions.2.transformer_blocks.0.attn1.to_v,Linear,"(1280, 1280)",1638400,W4A8,4,8.0,0.0012726236,0.02597371165,0.43987346439999997,0.99923281215,2910.9725,3520.39,
up_blocks.1.attentions.2.transformer_blocks.0.attn1.to_v,Linear,"(1280, 1280)",1638400,W8A8,8,8.0,4.741425e-06,0.001547649425,0.029392853375,0.999997318025,2910.9725,3554.7324999999996,
up_blocks.1.attentions.2.transformer_blocks.0.attn2.to_k,Linear,"(1280, 768)",983040,W4A8,4,8.0,0.00022537609999999999,0.009434026425,0.179970793425,0.9998620096249999,2910.9725,3548.3525,
up_blocks.1.attentions.2.transformer_blocks.0.attn2.to_k,Linear,"(1280, 768)",983040,W8A8,8,8.0,2.341545e-05,0.002620542975,0.055729366824999994,0.999985598,2910.9725,3489.885,
up_blocks.1.attentions.2.transformer_blocks.0.attn2.to_out.0,Linear,"(1280, 1280)",1639680,W4A8,4,8.0,0.0071778342,0.057989917675,1.04614409805,0.995560159925,2910.9725,3480.665,
up_blocks.1.attentions.2.transformer_blocks.0.attn2.to_out.0,Linear,"(1280, 1280)",1639680,W8A8,8,8.0,0.00021425435,0.010107704825000001,0.2079656571,0.999864641375,2910.9725,3545.95,
up_blocks.1.attentions.2.transformer_blocks.0.attn2.to_q,Linear,"(1280, 1280)",1638400,W4A8,4,8.0,6.628975e-05,0.0052026700750000005,0.08526230604999999,0.99995555775,2910.9725,3493.46,
up_blocks.1.attentions.2.transformer_blocks.0.attn2.to_q,Linear,"(1280, 1280)",1638400,W8A8,8,8.0,4.10525e-07,0.000383802525,0.009221127249999999,0.9999997467,2910.9725,3495.3025,
up_blocks.1.attentions.2.transformer_blocks.0.attn2.to_v,Linear,"(1280, 768)",983040,W4A8,4,8.0,0.006726048300000001,0.05821673385,0.7361735701500001,0.9960666458,2910.9725,3504.8,
up_blocks.1.attentions.2.transformer_blocks.0.attn2.to_v,Linear,"(1280, 768)",983040,W8A8,8,8.0,0.00055408615,0.016434740475,0.3109043278,0.9996841766,2910.9725,3588.625,
up_blocks.1.attentions.2.transformer_blocks.0.ff.net.0.proj,Linear,"(10240, 1280)",13117440,W4A8,4,8.0,0.01052330785,0.063001139075,1.68824213745,0.99392313605,2910.9725,3510.6324999999997,
up_blocks.1.attentions.2.transformer_blocks.0.ff.net.0.proj,Linear,"(10240, 1280)",13117440,W8A8,8,8.0,4.430325e-05,0.004061242875,0.113322984425,0.99997386455,2910.9725,3531.36,
up_blocks.1.attentions.2.transformer_blocks.0.ff.net.2,Linear,"(1280, 5120)",6554880,W4A8,4,8.0,0.011002092724999999,0.07052418962500001,1.42463596165,0.9937124771,2910.9725,3546.4375,
up_blocks.1.attentions.2.transformer_blocks.0.ff.net.2,Linear,"(1280, 5120)",6554880,W8A8,8,8.0,0.0009287585749999999,0.018853158449999997,0.31655588745,0.999308706,2910.9725,3477.9325,
up_blocks.1.resnets.0.conv1,Conv2d,"(1280, 2560, 3, 3)",29492480,W4A8,4,8.0,0.0019138795,0.027683462,0.5468255281500001,0.998904241425,2910.9725,3609.1175000000003,
up_blocks.1.resnets.0.conv1,Conv2d,"(1280, 2560, 3, 3)",29492480,W8A8,8,8.0,4.7739100000000005e-05,0.0038556814,0.09523800575,0.99997399845,2910.9725,3646.8375,
up_blocks.1.resnets.0.conv2,Conv2d,"(1280, 1280, 3, 3)",14746880,W4A8,4,8.0,0.0017529485750000001,0.024932357475,0.6553644090999999,0.9990047113,2910.9725,3481.495,
up_blocks.1.resnets.0.conv2,Conv2d,"(1280, 1280, 3, 3)",14746880,W8A8,8,8.0,3.9105075e-05,0.003491566625,0.09473655747500001,0.99997820645,2910.9725,3513.0625,
up_blocks.1.resnets.0.conv_shortcut,Conv2d,"(1280, 2560, 1, 1)",3278080,W4A8,4,8.0,0.002566342825,0.031833043325,0.86739468575,0.9985211392,2910.9725,3442.9049999999997,
up_blocks.1.resnets.0.conv_shortcut,Conv2d,"(1280, 2560, 1, 1)",3278080,W8A8,8,8.0,0.00019231907499999998,0.0072131952,0.219422351575,0.999897083725,2910.9725,3470.665,
up_blocks.1.resnets.0.time_emb_proj,Linear,"(1280, 1280)",1639680,W4A8,4,8.0,0.000100621425,0.005995168925,0.13109765575000001,0.9999452800249999,2910.9725,3456.9174999999996,
up_blocks.1.resnets.0.time_emb_proj,Linear,"(1280, 1280)",1639680,W8A8,8,8.0,3.29775e-07,0.0004043846,0.00574321115,0.99999980245,2910.9725,3512.745,
up_blocks.1.resnets.1.conv1,Conv2d,"(1280, 2560, 3, 3)",29492480,W4A8,4,8.0,0.003029196075,0.036835797625,0.68594780565,0.998224114,2910.9725,3499.085,
up_blocks.1.resnets.1.conv1,Conv2d,"(1280, 2560, 3, 3)",29492480,W8A8,8,8.0,1.5916250000000002e-05,0.002429601275,0.048949731525,0.999990903475,2910.9725,3527.9425,
up_blocks.1.resnets.1.conv2,Conv2d,"(1280, 1280, 3, 3)",14746880,W4A8,4,8.0,0.001297691075,0.023339570475,0.574910804625,0.999245214,2910.9725,3492.2525,
up_blocks.1.resnets.1.conv2,Conv2d,"(1280, 1280, 3, 3)",14746880,W8A8,8,8.0,2.55268e-05,0.0030743918000000004,0.062018964450000005,0.999985972225,2910.9725,3491.3374999999996,
up_blocks.1.resnets.1.conv_shortcut,Conv2d,"(1280, 2560, 1, 1)",3278080,W4A8,4,8.0,0.0012999455,0.02346130415,0.35473193599999997,0.9992489196500001,2910.9725,3528.005,
up_blocks.1.resnets.1.conv_shortcut,Conv2d,"(1280, 2560, 1, 1)",3278080,W8A8,8,8.0,2.1916774999999998e-05,0.0029629297000000002,0.0532230958,0.999987444525,2910.9725,3476.0975,
up_blocks.1.resnets.1.time_emb_proj,Linear,"(1280, 1280)",1639680,W4A8,4,8.0,6.61148e-05,0.005400199225,0.08947744965,0.999963029475,2910.9725,3479.79,
up_blocks.1.resnets.1.time_emb_proj,Linear,"(1280, 1280)",1639680,W8A8,8,8.0,4.637e-07,0.000445548775,0.00899682845,0.9999997342,2910.9725,3477.4449999999997,
up_blocks.1.resnets.2.conv1,Conv2d,"(1280, 1920, 3, 3)",22119680,W4A8,4,8.0,0.002912405475,0.0326727871,1.014649145325,0.9983122601250001,2910.9725,3515.8525000000004,
up_blocks.1.resnets.2.conv1,Conv2d,"(1280, 1920, 3, 3)",22119680,W8A8,8,8.0,0.00063554955,0.015597370000000001,0.368600875175,0.99964299955,2910.9725,3588.2125,
up_blocks.1.resnets.2.conv2,Conv2d,"(1280, 1280, 3, 3)",14746880,W4A8,4,8.0,0.00089495115,0.017818901675,0.4244217351,0.999507678125,2910.9725,3503.8375,
up_blocks.1.resnets.2.conv2,Conv2d,"(1280, 1280, 3, 3)",14746880,W8A8,8,8.0,1.648625e-05,0.0023704333500000003,0.06551672145000001,0.9999904594,2910.9725,3458.435,
up_blocks.1.resnets.2.conv_shortcut,Conv2d,"(1280, 1920, 1, 1)",2458880,W4A8,4,8.0,0.0010784426249999999,0.023246072225,0.297632947575,0.9993479521749999,2910.9725,3480.785,
up_blocks.1.resnets.2.conv_shortcut,Conv2d,"(1280, 1920, 1, 1)",2458880,W8A8,8,8.0,1.9520475000000002e-05,0.002519543775,0.066266398875,0.9999891251749999,2910.9725,3528.9425,
up_blocks.1.resnets.2.time_emb_proj,Linear,"(1280, 1280)",1639680,W4A8,4,8.0,6.8193425e-05,0.0055051878,0.094248309725,0.9999618053,2910.9725,3442.1175000000003,
up_blocks.1.resnets.2.time_emb_proj,Linear,"(1280, 1280)",1639680,W8A8,8,8.0,4.96575e-07,0.000472463175,0.0084712,0.9999997174249999,2910.9725,3430.0125,
up_blocks.1.upsamplers.0.conv,Conv2d,"(1280, 1280, 3, 3)",14746880,W4A8,4,8.0,0.001639228275,0.029409939875,0.44480499625,0.999004038825,2910.9725,3478.6925,
up_blocks.1.upsamplers.0.conv,Conv2d,"(1280, 1280, 3, 3)",14746880,W8A8,8,8.0,1.5140950000000001e-05,0.002591751225,0.049644868800000005,0.999990653775,2910.9725,3532.0950000000003,
up_blocks.2.attentions.0.proj_in,Conv2d,"(640, 640, 1, 1)",410240,W4A8,4,8.0,0.000678804825,0.017660765425,0.31470301745,0.9995923141,2910.9725,2721.5875,
up_blocks.2.attentions.0.proj_in,Conv2d,"(640, 640, 1, 1)",410240,W8A8,8,8.0,1.9329550000000002e-05,0.002793802075,0.067327387625,0.999988037625,2910.9725,3049.3875,
up_blocks.2.attentions.0.proj_out,Conv2d,"(640, 640, 1, 1)",410240,W4A8,4,8.0,0.000451083625,0.0142226629,0.305927060525,0.999727770575,2910.9725,2721.205,
up_blocks.2.attentions.0.proj_out,Conv2d,"(640, 640, 1, 1)",410240,W8A8,8,8.0,3.4255825e-05,0.003416646175,0.0638661012,0.99997887565,2910.9725,2707.2075,
up_blocks.2.attentions.0.transformer_blocks.0.attn1.to_k,Linear,"(640, 640)",409600,W4A8,4,8.0,0.0002647068,0.009739267875,0.24654126165,0.9998442895999999,2910.9725,2677.965,
up_blocks.2.attentions.0.transformer_blocks.0.attn1.to_k,Linear,"(640, 640)",409600,W8A8,8,8.0,1.26425e-06,0.0006793373749999999,0.01467794365,0.99999924355,2910.9725,2685.5975,
up_blocks.2.attentions.0.transformer_blocks.0.attn1.to_out.0,Linear,"(640, 640)",410240,W4A8,4,8.0,0.002471925275,0.031632169625,0.798770651225,0.99859549615,2910.9725,3199.9049999999997,
up_blocks.2.attentions.0.transformer_blocks.0.attn1.to_out.0,Linear,"(640, 640)",410240,W8A8,8,8.0,1.198575e-05,0.002212997775,0.05114883185,0.999992902225,2910.9725,4080.34,
up_blocks.2.attentions.0.transformer_blocks.0.attn1.to_q,Linear,"(640, 640)",409600,W4A8,4,8.0,0.000264883525,0.010020183375,0.18508973345,0.99985216785,2910.9725,2675.315,
up_blocks.2.attentions.0.transformer_blocks.0.attn1.to_q,Linear,"(640, 640)",409600,W8A8,8,8.0,1.279575e-06,0.000652958,0.018110588175,0.9999992155999999,2910.9725,2663.7650000000003,
up_blocks.2.attentions.0.transformer_blocks.0.attn1.to_v,Linear,"(640, 640)",409600,W4A8,4,8.0,0.00079767775,0.0196347097,0.371914923225,0.999523493425,2910.9725,2670.4275,
up_blocks.2.attentions.0.transformer_blocks.0.attn1.to_v,Linear,"(640, 640)",409600,W8A8,8,8.0,2.96775e-06,0.001182486475,0.021799594149999997,0.9999982224,2910.9725,2698.4775,
up_blocks.2.attentions.0.transformer_blocks.0.attn2.to_k,Linear,"(640, 768)",491520,W4A8,4,8.0,2.2970624999999998e-05,0.002298996575,0.07178105415,0.999987341625,2910.9725,3186.1475,
up_blocks.2.attentions.0.transformer_blocks.0.attn2.to_k,Linear,"(640, 768)",491520,W8A8,8,8.0,1.515e-07,0.00012664777500000002,0.009717891900000001,0.9999999141,2910.9725,3166.0775000000003,
up_blocks.2.attentions.0.transformer_blocks.0.attn2.to_out.0,Linear,"(640, 640)",410240,W4A8,4,8.0,0.0007628684749999999,0.019983593825,0.288869433125,0.999536514575,2910.9725,2674.7124999999996,
up_blocks.2.attentions.0.transformer_blocks.0.attn2.to_out.0,Linear,"(640, 640)",410240,W8A8,8,8.0,5.872625e-06,0.001583529175,0.038234442475000005,0.999996359675,2910.9725,2667.495,
up_blocks.2.attentions.0.transformer_blocks.0.attn2.to_q,Linear,"(640, 640)",409600,W4A8,4,8.0,1.6657e-06,0.00033793310000000004,0.0271066129,0.99999899375,2910.9725,3162.615,
up_blocks.2.attentions.0.transformer_blocks.0.attn2.to_q,Linear,"(640, 640)",409600,W8A8,8,8.0,2.8300000000000002e-08,4.6135949999999997e-05,0.00413765015,0.999999983475,2910.9725,3187.6375,
up_blocks.2.attentions.0.transformer_blocks.0.attn2.to_v,Linear,"(640, 768)",491520,W4A8,4,8.0,0.00232627135,0.03392515425,0.49762228877500003,0.99863104875,2910.9725,2695.3125,
up_blocks.2.attentions.0.transformer_blocks.0.attn2.to_v,Linear,"(640, 768)",491520,W8A8,8,8.0,0.000104116975,0.007227771225,0.095641134325,0.999937253825,2910.9725,3187.625,
up_blocks.2.attentions.0.transformer_blocks.0.ff.net.0.proj,Linear,"(5120, 640)",3281920,W4A8,4,8.0,0.00303626475,0.036173001875,0.74549922345,0.99816985235,2910.9725,2693.765,
up_blocks.2.attentions.0.transformer_blocks.0.ff.net.0.proj,Linear,"(5120, 640)",3281920,W8A8,8,8.0,1.6381575e-05,0.0026372696,0.051723133775,0.9999899357250001,2910.9725,2698.3450000000003,
up_blocks.2.attentions.0.transformer_blocks.0.ff.net.2,Linear,"(640, 2560)",1639040,W4A8,4,8.0,0.0012401176750000001,0.023560314425,0.40254852175,0.999256637375,2910.9725,2702.9425,
up_blocks.2.attentions.0.transformer_blocks.0.ff.net.2,Linear,"(640, 2560)",1639040,W8A8,8,8.0,8.52141e-05,0.005898297775,0.0925821522,0.999943393775,2910.9725,2696.99,
up_blocks.2.attentions.1.proj_in,Conv2d,"(640, 640, 1, 1)",410240,W4A8,4,8.0,0.000846061475,0.0210788348,0.3821006045,0.9994909504,2910.9725,2709.58,
up_blocks.2.attentions.1.proj_in,Conv2d,"(640, 640, 1, 1)",410240,W8A8,8,8.0,2.8045475e-05,0.00362199165,0.06362204625,0.9999832100749999,2910.9725,2707.245,
up_blocks.2.attentions.1.proj_out,Conv2d,"(640, 640, 1, 1)",410240,W4A8,4,8.0,0.00040846955000000003,0.0153391282,0.18849115075,0.99975176565,2910.9725,2731.615,
up_blocks.2.attentions.1.proj_out,Conv2d,"(640, 640, 1, 1)",410240,W8A8,8,8.0,7.95935e-06,0.002032681475,0.024167831075,0.9999951586,2910.9725,2699.6025,
up_blocks.2.attentions.1.transformer_blocks.0.attn1.to_k,Linear,"(640, 640)",409600,W4A8,4,8.0,0.0001250581,0.00748368575,0.13750869035,0.9999217843,2910.9725,2726.685,
up_blocks.2.attentions.1.transformer_blocks.0.attn1.to_k,Linear,"(640, 640)",409600,W8A8,8,8.0,1.10605e-06,0.000675115425,0.0143935685,0.999999298925,2910.9725,2714.4125,
up_blocks.2.attentions.1.transformer_blocks.0.attn1.to_out.0,Linear,"(640, 640)",410240,W4A8,4,8.0,0.00277565,0.038497364150000005,0.50741431115,0.998386671075,2910.9725,2728.7075,
up_blocks.2.attentions.1.transformer_blocks.0.attn1.to_out.0,Linear,"(640, 640)",410240,W8A8,8,8.0,1.5180375e-05,0.00282652255,0.035415055225,0.999990593625,2910.9725,2730.9300000000003,
up_blocks.2.attentions.1.transformer_blocks.0.attn1.to_q,Linear,"(640, 640)",409600,W4A8,4,8.0,6.3991e-05,0.0053344761,0.08966116235,0.9999619012250001,2910.9725,2721.99,
up_blocks.2.attentions.1.transformer_blocks.0.attn1.to_q,Linear,"(640, 640)",409600,W8A8,8,8.0,7.18475e-07,0.000523684725,0.012384437,0.999999568575,2910.9725,2705.5775,
up_blocks.2.attentions.1.transformer_blocks.0.attn1.to_v,Linear,"(640, 640)",409600,W4A8,4,8.0,0.0005450609,0.0174309504,0.2151132524,0.99966760475,2910.9725,2700.0075,
up_blocks.2.attentions.1.transformer_blocks.0.attn1.to_v,Linear,"(640, 640)",409600,W8A8,8,8.0,2.261425e-06,0.001075736925,0.019204192774999997,0.99999865395,2910.9725,2726.4075,
up_blocks.2.attentions.1.transformer_blocks.0.attn2.to_k,Linear,"(640, 768)",491520,W4A8,4,8.0,4.93984e-05,0.00429638295,0.0814475715,0.9999725828,2910.9725,2713.4475,
up_blocks.2.attentions.1.transformer_blocks.0.attn2.to_k,Linear,"(640, 768)",491520,W8A8,8,8.0,1.380925e-06,0.000654859825,0.012103714049999999,0.9999992242,2910.9725,2715.4700000000003,
up_blocks.2.attentions.1.transformer_blocks.0.attn2.to_out.0,Linear,"(640, 640)",410240,W4A8,4,8.0,0.00293902335,0.0385318538,0.466477111,0.9983010853250001,2910.9725,2723.6275,
up_blocks.2.attentions.1.transformer_blocks.0.attn2.to_out.0,Linear,"(640, 640)",410240,W8A8,8,8.0,1.45216e-05,0.0025982439,0.06125755235,0.99999172715,2910.9725,2717.7475,
up_blocks.2.attentions.1.transformer_blocks.0.attn2.to_q,Linear,"(640, 640)",409600,W4A8,4,8.0,1.0284575e-05,0.00177773775,0.036605256625,0.9999943207249999,2910.9725,2732.1949999999997,
up_blocks.2.attentions.1.transformer_blocks.0.attn2.to_q,Linear,"(640, 640)",409600,W8A8,8,8.0,2.5622500000000003e-07,0.00024904475,0.007352638975,0.99999986035,2910.9725,2713.8725,
up_blocks.2.attentions.1.transformer_blocks.0.attn2.to_v,Linear,"(640, 768)",491520,W4A8,4,8.0,0.00113997175,0.024505191500000002,0.33603247999999997,0.999336565075,2910.9725,2712.3275,
up_blocks.2.attentions.1.transformer_blocks.0.attn2.to_v,Linear,"(640, 768)",491520,W8A8,8,8.0,6.6290925e-05,0.0064620344,0.054132223125000004,0.99995945845,2910.9725,2722.7225,
up_blocks.2.attentions.1.transformer_blocks.0.ff.net.0.proj,Linear,"(5120, 640)",3281920,W4A8,4,8.0,0.004191468875,0.045648600925,0.764157280325,0.9976419709750001,2910.9725,2743.775,
up_blocks.2.attentions.1.transformer_blocks.0.ff.net.0.proj,Linear,"(5120, 640)",3281920,W8A8,8,8.0,2.71114e-05,0.003388818025,0.070603866125,0.999984229225,2910.9725,2744.0975,
up_blocks.2.attentions.1.transformer_blocks.0.ff.net.2,Linear,"(640, 2560)",1639040,W4A8,4,8.0,0.0014429692,0.0267318613,0.380190670475,0.999163138225,2910.9725,2758.745,
up_blocks.2.attentions.1.transformer_blocks.0.ff.net.2,Linear,"(640, 2560)",1639040,W8A8,8,8.0,0.00011094482500000001,0.0073207647,0.11898858844999999,0.99993392575,2910.9725,2744.0125,
up_blocks.2.attentions.2.proj_in,Conv2d,"(640, 640, 1, 1)",410240,W4A8,4,8.0,0.000982000225,0.0235738177,0.3612616658,0.999422985025,2910.9725,2729.875,
up_blocks.2.attentions.2.proj_in,Conv2d,"(640, 640, 1, 1)",410240,W8A8,8,8.0,5.24178e-05,0.00520435975,0.0744966827,0.9999677625250001,2910.9725,2728.61,
up_blocks.2.attentions.2.proj_out,Conv2d,"(640, 640, 1, 1)",410240,W4A8,4,8.0,0.00044567525,0.0163431107,0.173629477625,0.99972973915,2910.9725,2743.9175,
up_blocks.2.attentions.2.proj_out,Conv2d,"(640, 640, 1, 1)",410240,W8A8,8,8.0,1.599955e-05,0.0029892282999999997,0.031576952875,0.99998966115,2910.9725,2736.7925,
up_blocks.2.attentions.2.transformer_blocks.0.attn1.to_k,Linear,"(640, 640)",409600,W4A8,4,8.0,0.0002723297,0.012340483250000001,0.17891227455,0.9998332139999999,2910.9725,2768.0675,
up_blocks.2.attentions.2.transformer_blocks.0.attn1.to_k,Linear,"(640, 640)",409600,W8A8,8,8.0,1.5308249999999999e-06,0.0007522951,0.0247159004,0.99999909255,2910.9725,2722.2475,
up_blocks.2.attentions.2.transformer_blocks.0.attn1.to_out.0,Linear,"(640, 640)",410240,W4A8,4,8.0,0.0037133688999999998,0.0467217518,0.443290352825,0.99783875285,2910.9725,2730.8975,
up_blocks.2.attentions.2.transformer_blocks.0.attn1.to_out.0,Linear,"(640, 640)",410240,W8A8,8,8.0,1.6042925e-05,0.002935095525,0.050708852725,0.999990325325,2910.9725,2755.9275,
up_blocks.2.attentions.2.transformer_blocks.0.attn1.to_q,Linear,"(640, 640)",409600,W4A8,4,8.0,0.0002019657,0.010056350625,0.2124236524,0.9998756918,2910.9725,2732.1175000000003,
up_blocks.2.attentions.2.transformer_blocks.0.attn1.to_q,Linear,"(640, 640)",409600,W8A8,8,8.0,1.3109e-06,0.000777107675,0.015626386275,0.99999919705,2910.9725,2718.9475,
up_blocks.2.attentions.2.transformer_blocks.0.attn1.to_v,Linear,"(640, 640)",409600,W4A8,4,8.0,0.001158701375,0.026226093975,0.23062213512500002,0.99929678665,2910.9725,2754.7025,
up_blocks.2.attentions.2.transformer_blocks.0.attn1.to_v,Linear,"(640, 640)",409600,W8A8,8,8.0,3.82375e-06,0.0015114234,0.0178796309,0.999997938575,2910.9725,2733.5075,
up_blocks.2.attentions.2.transformer_blocks.0.attn2.to_k,Linear,"(640, 768)",491520,W4A8,4,8.0,0.00016440945,0.009275403125,0.077848598375,0.9999041610999999,2910.9725,2721.205,
up_blocks.2.attentions.2.transformer_blocks.0.attn2.to_k,Linear,"(640, 768)",491520,W8A8,8,8.0,1.0690025000000001e-05,0.00201283095,0.01990449055,0.999993836725,2910.9725,2727.265,
up_blocks.2.attentions.2.transformer_blocks.0.attn2.to_out.0,Linear,"(640, 640)",410240,W4A8,4,8.0,0.0040138525500000004,0.04739331735,0.5088428706,0.99754409735,2910.9725,2745.7825000000003,
up_blocks.2.attentions.2.transformer_blocks.0.attn2.to_out.0,Linear,"(640, 640)",410240,W8A8,8,8.0,3.2587025e-05,0.004082264775,0.063955400125,0.9999814438500001,2910.9725,2735.1600000000003,
up_blocks.2.attentions.2.transformer_blocks.0.attn2.to_q,Linear,"(640, 640)",409600,W4A8,4,8.0,4.71369e-05,0.004632240325,0.04031686855,0.9999739974999999,2910.9725,2739.705,
up_blocks.2.attentions.2.transformer_blocks.0.attn2.to_q,Linear,"(640, 640)",409600,W8A8,8,8.0,3.237e-07,0.00036294215,0.00540842115,0.9999998136,2910.9725,2731.305,
up_blocks.2.attentions.2.transformer_blocks.0.attn2.to_v,Linear,"(640, 768)",491520,W4A8,4,8.0,0.00062664935,0.019595478175,0.1684341766,0.9996109034,2910.9725,2721.9425,
up_blocks.2.attentions.2.transformer_blocks.0.attn2.to_v,Linear,"(640, 768)",491520,W8A8,8,8.0,7.0803625e-05,0.0070927773749999996,0.0376073718,0.99995677865,2910.9725,2735.3925,
up_blocks.2.attentions.2.transformer_blocks.0.ff.net.0.proj,Linear,"(5120, 640)",3281920,W4A8,4,8.0,0.005606313725,0.055533886899999996,0.785295426825,0.9965637325250001,2910.9725,2761.8175,
up_blocks.2.attentions.2.transformer_blocks.0.ff.net.0.proj,Linear,"(5120, 640)",3281920,W8A8,8,8.0,3.6187525e-05,0.0042541505499999995,0.0821467042,0.999978398475,2910.9725,2752.605,
up_blocks.2.attentions.2.transformer_blocks.0.ff.net.2,Linear,"(640, 2560)",1639040,W4A8,4,8.0,0.0021326569,0.0340642966,0.45121708512500003,0.998764854075,2910.9725,2728.655,
up_blocks.2.attentions.2.transformer_blocks.0.ff.net.2,Linear,"(640, 2560)",1639040,W8A8,8,8.0,8.2091275e-05,0.006630838125,0.08021665735,0.9999503,2910.9725,2774.9425,
up_blocks.2.resnets.0.conv1,Conv2d,"(640, 1920, 3, 3)",11059840,W4A8,4,8.0,0.00323905875,0.032464230925000004,0.8671008721,0.99818229105,2910.9725,2772.2025,
up_blocks.2.resnets.0.conv1,Conv2d,"(640, 1920, 3, 3)",11059840,W8A8,8,8.0,5.31047e-05,0.00400976445,0.1269144844,0.999968815875,2910.9725,2785.8025,
up_blocks.2.resnets.0.conv2,Conv2d,"(640, 640, 3, 3)",3687040,W4A8,4,8.0,0.0019919311,0.027612193025000002,0.6175061837,0.998840494375,2910.9725,2740.375,
up_blocks.2.resnets.0.conv2,Conv2d,"(640, 640, 3, 3)",3687040,W8A8,8,8.0,1.715405e-05,0.00261127035,0.054453434450000004,0.9999899825,2910.9725,2727.1775,
up_blocks.2.resnets.0.conv_shortcut,Conv2d,"(640, 1920, 1, 1)",1229440,W4A8,4,8.0,0.01331440035,0.077895399175,1.13816812635,0.9921738868500001,2910.9725,2749.6949999999997,
up_blocks.2.resnets.0.conv_shortcut,Conv2d,"(640, 1920, 1, 1)",1229440,W8A8,8,8.0,0.000396129825,0.0121844199,0.2930018157,0.999768131125,2910.9725,2733.5249999999996,
up_blocks.2.resnets.0.time_emb_proj,Linear,"(640, 1280)",819840,W4A8,4,8.0,1.4606225000000001e-05,0.0025519479749999997,0.046435860925,0.99999137925,2910.9725,2727.5125,
up_blocks.2.resnets.0.time_emb_proj,Linear,"(640, 1280)",819840,W8A8,8,8.0,1.83075e-07,0.0002865387,0.00627268105,0.999999891525,2910.9725,2734.77,
up_blocks.2.resnets.1.conv1,Conv2d,"(640, 1280, 3, 3)",7373440,W4A8,4,8.0,0.0026505828,0.03371412305,0.6657463461249999,0.99841872235,2910.9725,2779.7225,
up_blocks.2.resnets.1.conv1,Conv2d,"(640, 1280, 3, 3)",7373440,W8A8,8,8.0,0.0009025646250000001,0.0163631517,0.236140429975,0.9994462212499999,2910.9725,2742.6775,
up_blocks.2.resnets.1.conv2,Conv2d,"(640, 640, 3, 3)",3687040,W4A8,4,8.0,0.001481587225,0.02845300085,0.37412708255,0.9990682397499999,2910.9725,2736.88,
up_blocks.2.resnets.1.conv2,Conv2d,"(640, 640, 3, 3)",3687040,W8A8,8,8.0,2.447e-05,0.003249344525,0.053227743125000004,0.999984464575,2910.9725,2736.8725,
up_blocks.2.resnets.1.conv_shortcut,Conv2d,"(640, 1280, 1, 1)",819840,W4A8,4,8.0,0.0034825051499999997,0.0423435811,0.652327999475,0.9978050054000001,2910.9725,2739.2,
up_blocks.2.resnets.1.conv_shortcut,Conv2d,"(640, 1280, 1, 1)",819840,W8A8,8,8.0,0.000267538625,0.010062197225,0.14386227355,0.999838108925,2910.9725,2751.055,
up_blocks.2.resnets.1.time_emb_proj,Linear,"(640, 1280)",819840,W4A8,4,8.0,0.00010218879999999999,0.0071563172500000004,0.112472180275,0.999935074275,2910.9725,2728.2325,
up_blocks.2.resnets.1.time_emb_proj,Linear,"(640, 1280)",819840,W8A8,8,8.0,5.559e-07,0.000538364975,0.007513031375,0.999999633675,2910.9725,2738.6275,
up_blocks.2.resnets.2.conv1,Conv2d,"(640, 960, 3, 3)",5530240,W4A8,4,8.0,0.0014190760499999998,0.02801634975,0.41639506817500005,0.9991382335,2910.9725,2748.8625,
up_blocks.2.resnets.2.conv1,Conv2d,"(640, 960, 3, 3)",5530240,W8A8,8,8.0,2.1490025e-05,0.003249480425,0.05262395365,0.999986530875,2910.9725,2761.1075,
up_blocks.2.resnets.2.conv2,Conv2d,"(640, 640, 3, 3)",3687040,W4A8,4,8.0,0.001095650075,0.0253805276,0.263430181875,0.999317902375,2910.9725,2749.52,
up_blocks.2.resnets.2.conv2,Conv2d,"(640, 640, 3, 3)",3687040,W8A8,8,8.0,1.471305e-05,0.0027254743,0.051187925025,0.999990916125,2910.9725,2755.93,
up_blocks.2.resnets.2.conv_shortcut,Conv2d,"(640, 960, 1, 1)",615040,W4A8,4,8.0,0.000820446275,0.021313322225,0.291780747475,0.9995139019,2910.9725,2745.7275,
up_blocks.2.resnets.2.conv_shortcut,Conv2d,"(640, 960, 1, 1)",615040,W8A8,8,8.0,8.60855e-06,0.002192558075,0.024839714149999997,0.9999946122250001,2910.9725,2757.2675,
up_blocks.2.resnets.2.time_emb_proj,Linear,"(640, 1280)",819840,W4A8,4,8.0,0.000326584725,0.01367652345,0.148926246925,0.999813654675,2910.9725,2743.365,
up_blocks.2.resnets.2.time_emb_proj,Linear,"(640, 1280)",819840,W8A8,8,8.0,3.101975e-06,0.00140823315,0.01329617205,0.9999982109250001,2910.9725,2755.855,
up_blocks.2.upsamplers.0.conv,Conv2d,"(640, 640, 3, 3)",3687040,W4A8,4,8.0,0.0008053583249999999,0.02138267785,0.240716900675,0.9995098178999999,2910.9725,2753.94,
up_blocks.2.upsamplers.0.conv,Conv2d,"(640, 640, 3, 3)",3687040,W8A8,8,8.0,1.60665e-05,0.0030133321999999997,0.03298073265,0.9999901637999999,2910.9725,2802.2650000000003,
up_blocks.3.attentions.0.proj_in,Conv2d,"(320, 320, 1, 1)",102720,W4A8,4,8.0,0.0013589591000000001,0.02789649415,0.237683285,0.9991505135000001,2910.9725,2757.265,
up_blocks.3.attentions.0.proj_in,Conv2d,"(320, 320, 1, 1)",102720,W8A8,8,8.0,4.1993e-05,0.004875170999999999,0.058361210875,0.999973592475,2910.9725,2749.1575,
up_blocks.3.attentions.0.proj_out,Conv2d,"(320, 320, 1, 1)",102720,W4A8,4,8.0,0.0005685046500000001,0.018375748775,0.177475173,0.99964532025,2910.9725,2754.3375,
up_blocks.3.attentions.0.proj_out,Conv2d,"(320, 320, 1, 1)",102720,W8A8,8,8.0,1.5234849999999999e-05,0.003035896925,0.026831399675,0.99999049925,2910.9725,2821.38,
up_blocks.3.attentions.0.transformer_blocks.0.attn1.to_k,Linear,"(320, 320)",102400,W4A8,4,8.0,0.00036587174999999997,0.01385537815,0.161837533125,0.9997675228,2910.9725,2741.7875000000004,
up_blocks.3.attentions.0.transformer_blocks.0.attn1.to_k,Linear,"(320, 320)",102400,W8A8,8,8.0,4.297725e-06,0.001449288875,0.019295781875,0.9999971236,2910.9725,2750.5175,
up_blocks.3.attentions.0.transformer_blocks.0.attn1.to_out.0,Linear,"(320, 320)",102720,W4A8,4,8.0,0.00449400425,0.051382259475,0.4975898266,0.9972086195500001,2910.9725,2739.9975,
up_blocks.3.attentions.0.transformer_blocks.0.attn1.to_out.0,Linear,"(320, 320)",102720,W8A8,8,8.0,4.4851799999999996e-05,0.0051358511,0.044522911325,0.999971781225,2910.9725,2764.5225,
up_blocks.3.attentions.0.transformer_blocks.0.attn1.to_q,Linear,"(320, 320)",102400,W4A8,4,8.0,0.000252858125,0.01119167055,0.14394140245,0.9998415360749999,2910.9725,2755.185,
up_blocks.3.attentions.0.transformer_blocks.0.attn1.to_q,Linear,"(320, 320)",102400,W8A8,8,8.0,3.3945e-06,0.00129701455,0.016862466925,0.999997756325,2910.9725,2738.7925,
up_blocks.3.attentions.0.transformer_blocks.0.attn1.to_v,Linear,"(320, 320)",102400,W4A8,4,8.0,0.0037871899,0.047326100075,0.551302611825,0.997643952125,2910.9725,2759.0550000000003,
up_blocks.3.attentions.0.transformer_blocks.0.attn1.to_v,Linear,"(320, 320)",102400,W8A8,8,8.0,2.40198e-05,0.003827659125,0.0342558408,0.99998532875,2910.9725,2743.2675,
up_blocks.3.attentions.0.transformer_blocks.0.attn2.to_k,Linear,"(320, 768)",245760,W4A8,4,8.0,6.9822675e-05,0.00629005,0.0644504875,0.99995696235,2910.9725,2756.3375,
up_blocks.3.attentions.0.transformer_blocks.0.attn2.to_k,Linear,"(320, 768)",245760,W8A8,8,8.0,3.9622499999999996e-07,0.000471260875,0.004333477475,0.999999758175,2910.9725,2755.015,
up_blocks.3.attentions.0.transformer_blocks.0.attn2.to_out.0,Linear,"(320, 320)",102720,W4A8,4,8.0,0.0019497614250000002,0.034217478725,0.3597799502,0.998925747975,2910.9725,2764.0975,
up_blocks.3.attentions.0.transformer_blocks.0.attn2.to_out.0,Linear,"(320, 320)",102720,W8A8,8,8.0,5.056925e-06,0.0017057848,0.019424870599999998,0.9999966512,2910.9725,2758.45,
up_blocks.3.attentions.0.transformer_blocks.0.attn2.to_q,Linear,"(320, 320)",102400,W4A8,4,8.0,3.5266375e-05,0.004360824375,0.06445206705,0.999977704625,2910.9725,2751.3675,
up_blocks.3.attentions.0.transformer_blocks.0.attn2.to_q,Linear,"(320, 320)",102400,W8A8,8,8.0,9.132750000000001e-07,0.000682464475,0.0093587823,0.9999994061249999,2910.9725,2777.9375,
up_blocks.3.attentions.0.transformer_blocks.0.attn2.to_v,Linear,"(320, 768)",245760,W4A8,4,8.0,0.0008567283,0.022931382525,0.184635858975,0.99951165745,2910.9725,2763.3675,
up_blocks.3.attentions.0.transformer_blocks.0.attn2.to_v,Linear,"(320, 768)",245760,W8A8,8,8.0,7.274825e-06,0.0020974871,0.015751739974999998,0.999995631575,2910.9725,2771.165,
up_blocks.3.attentions.0.transformer_blocks.0.ff.net.0.proj,Linear,"(2560, 320)",821760,W4A8,4,8.0,0.00288251245,0.041414955625,0.365611232825,0.998283081575,2910.9725,2772.6625,
up_blocks.3.attentions.0.transformer_blocks.0.ff.net.0.proj,Linear,"(2560, 320)",821760,W8A8,8,8.0,3.565865e-05,0.0045558866,0.045085109750000005,0.99997744235,2910.9725,2787.275,
up_blocks.3.attentions.0.transformer_blocks.0.ff.net.2,Linear,"(320, 1280)",409920,W4A8,4,8.0,0.0021552196,0.035182574775,0.471581012,0.99864214715,2910.9725,2798.6,
up_blocks.3.attentions.0.transformer_blocks.0.ff.net.2,Linear,"(320, 1280)",409920,W8A8,8,8.0,3.9259475e-05,0.004709717025,0.0497624278,0.999975589275,2910.9725,2765.44,
up_blocks.3.attentions.1.proj_in,Conv2d,"(320, 320, 1, 1)",102720,W4A8,4,8.0,0.0008560296999999999,0.022981781950000002,0.22128790615,0.9995028501250001,2910.9725,2761.785,
up_blocks.3.attentions.1.proj_in,Conv2d,"(320, 320, 1, 1)",102720,W8A8,8,8.0,6.8949625e-05,0.0064179967,0.082185387625,0.99995531215,2910.9725,2802.2025,
up_blocks.3.attentions.1.proj_out,Conv2d,"(320, 320, 1, 1)",102720,W4A8,4,8.0,0.000596811825,0.019085332774999998,0.22443330285000002,0.9996308835500001,2910.9725,2790.42,
up_blocks.3.attentions.1.proj_out,Conv2d,"(320, 320, 1, 1)",102720,W8A8,8,8.0,3.74422e-05,0.0048518686,0.0350457034,0.9999767526000001,2910.9725,2794.7775,
up_blocks.3.attentions.1.transformer_blocks.0.attn1.to_k,Linear,"(320, 320)",102400,W4A8,4,8.0,0.00015702849999999998,0.009664331675,0.159800961625,0.999909221275,2910.9725,2772.0699999999997,
up_blocks.3.attentions.1.transformer_blocks.0.attn1.to_k,Linear,"(320, 320)",102400,W8A8,8,8.0,1.049075e-06,0.000766839275,0.00975308565,0.9999993056,2910.9725,2788.7125,
up_blocks.3.attentions.1.transformer_blocks.0.attn1.to_out.0,Linear,"(320, 320)",102720,W4A8,4,8.0,0.008714514125,0.073780570175,0.77323782445,0.99500822925,2910.9725,2767.585,
up_blocks.3.attentions.1.transformer_blocks.0.attn1.to_out.0,Linear,"(320, 320)",102720,W8A8,8,8.0,4.787875e-05,0.00539820865,0.046575948575,0.999970336925,2910.9725,2781.245,
up_blocks.3.attentions.1.transformer_blocks.0.attn1.to_q,Linear,"(320, 320)",102400,W4A8,4,8.0,0.000166121675,0.00946304935,0.165911734125,0.99990126365,2910.9725,2794.4049999999997,
up_blocks.3.attentions.1.transformer_blocks.0.attn1.to_q,Linear,"(320, 320)",102400,W8A8,8,8.0,1.04565e-06,0.000777868825,0.011088076975,0.99999935545,2910.9725,2765.4375,
up_blocks.3.attentions.1.transformer_blocks.0.attn1.to_v,Linear,"(320, 320)",102400,W4A8,4,8.0,0.0031330523,0.0456640683,0.396876871575,0.9980462233,2910.9725,2768.1175,
up_blocks.3.attentions.1.transformer_blocks.0.attn1.to_v,Linear,"(320, 320)",102400,W8A8,8,8.0,6.000725e-06,0.0019247830250000001,0.023945368825,0.999996502375,2910.9725,2769.4925,
up_blocks.3.attentions.1.transformer_blocks.0.attn2.to_k,Linear,"(320, 768)",245760,W4A8,4,8.0,4.1335425e-05,0.0047446186,0.082003466775,0.999975118925,2910.9725,2750.6724999999997,
up_blocks.3.attentions.1.transformer_blocks.0.attn2.to_k,Linear,"(320, 768)",245760,W8A8,8,8.0,8.438000000000001e-07,0.0006704573250000001,0.0115830898,0.9999994458,2910.9725,2783.41,
up_blocks.3.attentions.1.transformer_blocks.0.attn2.to_out.0,Linear,"(320, 320)",102720,W4A8,4,8.0,0.000482365725,0.016193077425,0.438562273975,0.999711199675,2910.9725,2789.5475,
up_blocks.3.attentions.1.transformer_blocks.0.attn2.to_out.0,Linear,"(320, 320)",102720,W8A8,8,8.0,7.010050000000001e-06,0.002025572125,0.030251830825,0.99999578535,2910.9725,2755.8149999999996,
up_blocks.3.attentions.1.transformer_blocks.0.attn2.to_q,Linear,"(320, 320)",102400,W4A8,4,8.0,0.00018721135,0.0102765211,0.16662067175,0.999882201525,2910.9725,2765.355,
up_blocks.3.attentions.1.transformer_blocks.0.attn2.to_q,Linear,"(320, 320)",102400,W8A8,8,8.0,1.5296749999999999e-06,0.00086483895,0.013782769425,0.999999073225,2910.9725,2757.0675,
up_blocks.3.attentions.1.transformer_blocks.0.attn2.to_v,Linear,"(320, 768)",245760,W4A8,4,8.0,0.0002944944,0.0131931745,0.208146870125,0.99981862845,2910.9725,2777.3675000000003,
up_blocks.3.attentions.1.transformer_blocks.0.attn2.to_v,Linear,"(320, 768)",245760,W8A8,8,8.0,1.229495e-05,0.002784023325,0.019977614275,0.999992463775,2910.9725,2755.8450000000003,
up_blocks.3.attentions.1.transformer_blocks.0.ff.net.0.proj,Linear,"(2560, 320)",821760,W4A8,4,8.0,0.008168377224999999,0.069937931375,0.95839211345,0.994947198075,2910.9725,2803.2625,
up_blocks.3.attentions.1.transformer_blocks.0.ff.net.0.proj,Linear,"(2560, 320)",821760,W8A8,8,8.0,5.707285e-05,0.005900847475,0.0627413988,0.999964344225,2910.9725,2777.2174999999997,
up_blocks.3.attentions.1.transformer_blocks.0.ff.net.2,Linear,"(320, 1280)",409920,W4A8,4,8.0,0.0024285596749999997,0.03831149825,0.54120624065,0.998531608475,2910.9725,2826.035,
up_blocks.3.attentions.1.transformer_blocks.0.ff.net.2,Linear,"(320, 1280)",409920,W8A8,8,8.0,0.00020314125,0.010877696775000001,0.092337317775,0.999880347675,2910.9725,2796.6575000000003,
up_blocks.3.attentions.2.proj_in,Conv2d,"(320, 320, 1, 1)",102720,W4A8,4,8.0,0.0027237949,0.042023592625,0.2949998975,0.99832799485,2910.9725,2772.96,
up_blocks.3.attentions.2.proj_in,Conv2d,"(320, 320, 1, 1)",102720,W8A8,8,8.0,0.00015719515,0.009953304175,0.0558052063,0.999903089925,2910.9725,2770.765,
up_blocks.3.attentions.2.proj_out,Conv2d,"(320, 320, 1, 1)",102720,W4A8,4,8.0,0.00051848065,0.017932957725,0.139797747125,0.9996886887750001,2910.9725,2773.6925,
up_blocks.3.attentions.2.proj_out,Conv2d,"(320, 320, 1, 1)",102720,W8A8,8,8.0,3.5649325e-05,0.0047391029,0.0234146379,0.9999778421250001,2910.9725,2786.29,
up_blocks.3.attentions.2.transformer_blocks.0.attn1.to_k,Linear,"(320, 320)",102400,W4A8,4,8.0,0.000123924775,0.00869926205,0.14597427845,0.999941323225,2910.9725,2784.8775,
up_blocks.3.attentions.2.transformer_blocks.0.attn1.to_k,Linear,"(320, 320)",102400,W8A8,8,8.0,2.98375e-07,0.000369614125,0.012395203125,0.999999831025,2910.9725,2815.1675,
up_blocks.3.attentions.2.transformer_blocks.0.attn1.to_out.0,Linear,"(320, 320)",102720,W4A8,4,8.0,0.0037891102,0.048115640875000004,0.3791525215,0.998132547425,2910.9725,2807.8475,
up_blocks.3.attentions.2.transformer_blocks.0.attn1.to_out.0,Linear,"(320, 320)",102720,W8A8,8,8.0,3.6919175e-05,0.004829978,0.035527199499999995,0.999978862625,2910.9725,2797.0725,
up_blocks.3.attentions.2.transformer_blocks.0.attn1.to_q,Linear,"(320, 320)",102400,W4A8,4,8.0,1.6388325000000002e-05,0.002855837125,0.073285609475,0.9999909436250001,2910.9725,2788.4725,
up_blocks.3.attentions.2.transformer_blocks.0.attn1.to_q,Linear,"(320, 320)",102400,W8A8,8,8.0,3.0045e-07,0.000422983575,0.0077547580000000005,0.999999817725,2910.9725,2812.1975,
up_blocks.3.attentions.2.transformer_blocks.0.attn1.to_v,Linear,"(320, 320)",102400,W4A8,4,8.0,0.0060345656,0.064939853725,0.269308418025,0.9963288018,2910.9725,2797.725,
up_blocks.3.attentions.2.transformer_blocks.0.attn1.to_v,Linear,"(320, 320)",102400,W8A8,8,8.0,1.0478e-05,0.00260028995,0.016990691425,0.99999440735,2910.9725,2801.5325000000003,
up_blocks.3.attentions.2.transformer_blocks.0.attn2.to_k,Linear,"(320, 768)",245760,W4A8,4,8.0,0.00028641429999999997,0.012225289325,0.256268315025,0.99982670515,2910.9725,2805.3625,
up_blocks.3.attentions.2.transformer_blocks.0.attn2.to_k,Linear,"(320, 768)",245760,W8A8,8,8.0,3.159575e-06,0.001305505525,0.0191969052,0.999998253875,2910.9725,2793.6025,
up_blocks.3.attentions.2.transformer_blocks.0.attn2.to_out.0,Linear,"(320, 320)",102720,W4A8,4,8.0,0.001829089825,0.03401184315,0.514338552925,0.998996459775,2910.9725,2782.0975,
up_blocks.3.attentions.2.transformer_blocks.0.attn2.to_out.0,Linear,"(320, 320)",102720,W8A8,8,8.0,1.9574175e-05,0.0034902704,0.02086057515,0.99998862715,2910.9725,2781.0975,
up_blocks.3.attentions.2.transformer_blocks.0.attn2.to_q,Linear,"(320, 320)",102400,W4A8,4,8.0,0.0004943606,0.01502230415,0.4029482603,0.999700566725,2910.9725,2792.9775,
up_blocks.3.attentions.2.transformer_blocks.0.attn2.to_q,Linear,"(320, 320)",102400,W8A8,8,8.0,1.41711e-05,0.0025653070750000003,0.040602803225,0.99999104605,2910.9725,2787.08,
up_blocks.3.attentions.2.transformer_blocks.0.attn2.to_v,Linear,"(320, 768)",245760,W4A8,4,8.0,0.0018231191999999998,0.033773312325,0.351491309675,0.99897792605,2910.9725,2804.6775,
up_blocks.3.attentions.2.transformer_blocks.0.attn2.to_v,Linear,"(320, 768)",245760,W8A8,8,8.0,2.5409800000000002e-05,0.004119472075,0.02521958945,0.9999842889,2910.9725,2789.7200000000003,
up_blocks.3.attentions.2.transformer_blocks.0.ff.net.0.proj,Linear,"(2560, 320)",821760,W4A8,4,8.0,0.006058737525,0.061667995525,0.35224592685,0.9966079732249999,2910.9725,2807.4325,
up_blocks.3.attentions.2.transformer_blocks.0.ff.net.0.proj,Linear,"(2560, 320)",821760,W8A8,8,8.0,5.764915e-05,0.0060609062,0.034320604025,0.999963525825,2910.9725,2806.4125,
up_blocks.3.attentions.2.transformer_blocks.0.ff.net.2,Linear,"(320, 1280)",409920,W4A8,4,8.0,0.0017503414999999998,0.0340173631,0.19732929394999998,0.99896406455,2910.9725,2788.21,
up_blocks.3.attentions.2.transformer_blocks.0.ff.net.2,Linear,"(320, 1280)",409920,W8A8,8,8.0,0.00014681425,0.009538853525,0.04886129125,0.999913456375,2910.9725,2819.385,
up_blocks.3.resnets.0.conv1,Conv2d,"(320, 960, 3, 3)",2765120,W4A8,4,8.0,0.002399519525,0.037152721550000004,0.4184912145,0.998485420425,2910.9725,2791.29,
up_blocks.3.resnets.0.conv1,Conv2d,"(320, 960, 3, 3)",2765120,W8A8,8,8.0,7.4563325e-05,0.006333177325,0.070599330575,0.9999535724499999,2910.9725,2809.525,
up_blocks.3.resnets.0.conv2,Conv2d,"(320, 320, 3, 3)",921920,W4A8,4,8.0,0.0016198089,0.031525533625,0.27991206945,0.998980548725,2910.9725,2778.82,
up_blocks.3.resnets.0.conv2,Conv2d,"(320, 320, 3, 3)",921920,W8A8,8,8.0,1.83038e-05,0.003252814075,0.03552492335,0.99998839775,2910.9725,2803.825,
up_blocks.3.resnets.0.conv_shortcut,Conv2d,"(320, 960, 1, 1)",307520,W4A8,4,8.0,0.005630985925,0.057587211949999995,0.543272346275,0.9963935586,2910.9725,2806.8825,
up_blocks.3.resnets.0.conv_shortcut,Conv2d,"(320, 960, 1, 1)",307520,W8A8,8,8.0,9.3155025e-05,0.007381319525,0.071125343425,0.999944568625,2910.9725,2786.52,
up_blocks.3.resnets.0.time_emb_proj,Linear,"(320, 1280)",409920,W4A8,4,8.0,1.0340724999999999e-05,0.00248356815,0.021634828275,0.9999931630000001,2910.9725,2759.3675,
up_blocks.3.resnets.0.time_emb_proj,Linear,"(320, 1280)",409920,W8A8,8,8.0,1.2379999999999998e-07,0.000274471275,0.0026903674,0.9999999189,2910.9725,2784.645,
up_blocks.3.resnets.1.conv1,Conv2d,"(320, 640, 3, 3)",1843520,W4A8,4,8.0,0.00178769715,0.033960688850000004,0.26962252332500003,0.998911389225,2910.9725,2804.085,
up_blocks.3.resnets.1.conv1,Conv2d,"(320, 640, 3, 3)",1843520,W8A8,8,8.0,2.2055575e-05,0.0035859153,0.042466239074999995,0.999986133925,2910.9725,2791.77,
up_blocks.3.resnets.1.conv2,Conv2d,"(320, 320, 3, 3)",921920,W4A8,4,8.0,0.001283489875,0.028146281375,0.266492635,0.9992663827,2910.9725,2827.5925,
up_blocks.3.resnets.1.conv2,Conv2d,"(320, 320, 3, 3)",921920,W8A8,8,8.0,1.820945e-05,0.003317193725,0.033442609025,0.99998865055,2910.9725,2890.1099999999997,
up_blocks.3.resnets.1.conv_shortcut,Conv2d,"(320, 640, 1, 1)",205120,W4A8,4,8.0,0.0059583108999999995,0.0554739665,1.3630487621,0.99680486375,2910.9725,2842.5525,
up_blocks.3.resnets.1.conv_shortcut,Conv2d,"(320, 640, 1, 1)",205120,W8A8,8,8.0,6.9063375e-05,0.0065448450499999995,0.059595912675,0.999957582525,2910.9725,2882.1625,
up_blocks.3.resnets.1.time_emb_proj,Linear,"(320, 1280)",409920,W4A8,4,8.0,9.8532325e-05,0.007953466725,0.06791710852499999,0.9999432430499999,2910.9725,2810.95,
up_blocks.3.resnets.1.time_emb_proj,Linear,"(320, 1280)",409920,W8A8,8,8.0,3.192e-07,0.0004458704,0.004862964175,0.9999998075250001,2910.9725,2803.56,
up_blocks.3.resnets.2.conv1,Conv2d,"(320, 640, 3, 3)",1843520,W4A8,4,8.0,0.0015858371,0.0313852988,0.31505705415,0.998987622975,2910.9725,2823.44,
up_blocks.3.resnets.2.conv1,Conv2d,"(320, 640, 3, 3)",1843520,W8A8,8,8.0,4.1689225e-05,0.005085125,0.039251789475,0.999973871325,2910.9725,2848.1175000000003,
up_blocks.3.resnets.2.conv2,Conv2d,"(320, 320, 3, 3)",921920,W4A8,4,8.0,0.00224238905,0.03723139965,0.243189949525,0.9986067831750001,2910.9725,2805.1675,
up_blocks.3.resnets.2.conv2,Conv2d,"(320, 320, 3, 3)",921920,W8A8,8,8.0,4.7611499999999996e-05,0.005422373175,0.044805362825,0.99997114675,2910.9725,2816.7650000000003,
up_blocks.3.resnets.2.conv_shortcut,Conv2d,"(320, 640, 1, 1)",205120,W4A8,4,8.0,0.005379189975,0.06139550265,0.379865177,0.99682875735,2910.9725,2829.4725,
up_blocks.3.resnets.2.conv_shortcut,Conv2d,"(320, 640, 1, 1)",205120,W8A8,8,8.0,0.00012184525,0.008731043925000001,0.07711052894999999,0.99992516605,2910.9725,2812.0299999999997,
up_blocks.3.resnets.2.time_emb_proj,Linear,"(320, 1280)",409920,W4A8,4,8.0,0.0003688712,0.016437547275,0.10840628295,0.999781214075,2910.9725,2806.715,
up_blocks.3.resnets.2.time_emb_proj,Linear,"(320, 1280)",409920,W8A8,8,8.0,3.5364249999999998e-06,0.0014694586,0.00774231365,0.9999978374,2910.9725,2829.63,
